EpLenMean,EpRewMean,EpThisIter,EpTrueRewMean,EpisodesSoFar,TimeElapsed,TimestepsSoFar,entloss,entropy,ev_tdlam_before,meankl,optimgain,surrgain
28.22222222222222,26.624044,36,30.61339529933402,36,4.5553083419799805,1016,0.0,4.242309,0.36716002225875854,0.008347147,0.04107897,0.04107897
36.175,24.432695,20,46.93080213603032,56,8.43009614944458,2031,0.0,4.205238,0.35085123777389526,0.0075976066,0.045496978,0.045496978
52.575,31.44984,12,79.03823049933206,68,12.902655124664307,2951,0.0,4.1924148,0.48568856716156006,0.0066462867,0.045265496,0.045265496
73.2,41.71044,9,119.08767152245623,77,17.638416051864624,3986,0.0,4.1973553,0.8691558092832565,0.0070758583,0.04800511,0.04800511
89.225,50.718296,8,151.21474453443614,85,21.3516685962677,5069,0.0,4.156034,0.9052344560623169,0.007123328,0.06563254,0.06563254
103.2,57.38435,4,171.0624888403151,89,24.947754383087158,5871,0.0,4.125032,0.9156191870570183,0.0073315063,0.04561136,0.04561136
124.0,67.96856,5,204.12392799063997,94,28.33628273010254,6897,0.0,4.126524,0.957125898450613,0.0065695476,0.043036066,0.043036066
144.725,78.83018,5,233.262425959645,99,31.760038375854492,7990,0.0,4.1013107,0.8231994211673737,0.0058328253,0.04351929,0.04351929
159.0,85.809204,2,248.56593834504082,101,35.21885299682617,8720,0.0,4.093957,0.6806146800518036,0.0063509117,0.05645582,0.05645582
169.75,90.13545,2,257.4392065278504,103,38.66433572769165,9378,0.0,4.065458,0.16321802139282227,0.0066420017,0.035108402,0.035108402
192.05,100.08005,1,277.22090396217595,104,42.283870458602905,10378,0.0,4.0868535,0.16366422176361084,0.006481969,0.039295714,0.039295714
229.3,116.09812,3,313.5367482784806,107,45.70899057388306,12091,0.0,4.0658274,0.3383105397224426,0.0057460326,0.041812442,0.041812442
253.5,126.5071,1,339.48119759275414,108,49.11802697181702,13091,0.0,4.0125504,-0.29715442657470703,0.0071765827,0.047900334,0.047900334
274.75,135.50668,1,359.1262756188431,109,52.51225924491882,14091,0.0,3.9988713,-0.00716400146484375,0.005188973,0.041681092,0.041681092
297.15,144.51326,1,379.3485560412875,110,55.92045879364014,15091,0.0,3.9562626,-0.0031630992889404297,0.0066883685,0.032469444,0.032469444
319.9,153.2246,1,401.11692990511966,111,59.395512342453,16091,0.0,4.001282,0.003985762596130371,0.0058787204,0.03320008,0.03320008
354.15,166.07057,2,429.51752509002563,113,62.91547250747681,17666,0.0,4.064705,0.21439188718795776,0.0060477173,0.03906396,0.03906396
375.225,173.1989,1,447.671655447166,114,66.36707282066345,18666,0.0,4.053129,-0.09187304973602295,0.0062218765,0.03559068,0.03559068
418.6,187.61787,2,484.1310303734219,116,69.80005598068237,20638,0.0,4.0794363,-0.025689005851745605,0.0059024254,0.03873521,0.03873521
441.3,195.26907,1,503.5833658152243,117,73.28759169578552,21638,0.0,4.0794992,-0.18320024013519287,0.0064013065,0.040878456,0.040878456
473.625,204.74263,2,529.5453878887732,119,76.94486594200134,23186,0.0,4.0634785,0.3858523964881897,0.006945053,0.041874245,0.041874245
494.25,210.19412,1,545.8869253028964,120,80.38926959037781,24186,0.0,4.0860267,-0.031426310539245605,0.006181016,0.039629664,0.039629664
514.725,216.62656,1,561.9078057598548,121,83.83699679374695,25186,0.0,4.064522,-0.03990781307220459,0.006360706,0.041116938,0.041116938
536.025,221.6232,2,579.6733476307882,123,87.26221036911011,26272,0.0,4.0501175,0.016138136386871338,0.0065689906,0.043315165,0.043315165
558.35,228.03372,1,600.2058143606624,124,90.7580418586731,27272,0.0,4.0244145,0.15172594785690308,0.0062577436,0.042798825,0.042798825
580.075,233.42685,1,619.570751876887,125,94.41629648208618,28272,0.0,4.0002074,0.0034838318824768066,0.0064665754,0.03613381,0.03613381
601.15,238.3201,1,638.2027140157195,126,97.88035368919373,29272,0.0,3.968996,-0.02526223659515381,0.006311548,0.04542574,0.04542574
620.6,242.60303,1,656.4041191156564,127,101.32435417175293,30272,0.0,3.994475,-0.06955134868621826,0.0077685006,0.034122124,0.034122124
632.425,244.72116,1,667.0392853250876,128,104.60353493690491,31010,0.0,3.9692152,0.45486176013946533,0.0069092847,0.048810832,0.048810832
653.475,249.08206,1,685.5165604557545,129,108.03358674049377,32010,0.0,3.944983,0.026924729347229004,0.005518429,0.04154274,0.04154274
672.7,252.49788,1,702.5215497457008,130,111.68598866462708,33010,0.0,3.9815426,-0.3137575387954712,0.0063214134,0.06853324,0.06853324
691.8,255.93571,1,720.1387499160501,131,115.10233330726624,34010,0.0,4.0182805,0.055838584899902344,0.0066325,0.03225652,0.03225652
712.975,260.51385,1,739.6425981741214,132,118.5155599117279,35010,0.0,4.0068073,-0.30086076259613037,0.0070778104,0.064437404,0.064437404
734.0,265.75238,1,759.5189821207894,133,121.91708707809448,36010,0.0,3.9993289,0.013044238090515137,0.007457901,0.033939414,0.033939414
752.825,268.3985,1,776.3372918604251,134,125.33441257476807,37010,0.0,3.9953609,0.07233023643493652,0.007430043,0.050768137,0.050768137
770.05,269.8575,1,790.855591858411,135,129.00604724884033,38010,0.0,3.9772356,0.04635971784591675,0.006860033,0.049479857,0.049479857
803.725,276.7123,2,824.8629547302708,137,132.48000502586365,39730,0.0,3.9890444,0.20443814992904663,0.0076178038,0.03723359,0.03723359
822.45,280.2274,1,839.9616310914728,138,135.973459482193,40730,0.0,4.000976,-0.004324555397033691,0.007937616,0.04929855,0.04929855
840.325,283.3487,1,857.4014996339613,139,139.42482161521912,41603,0.0,3.98941,0.13572818040847778,0.007634852,0.047038916,0.047038916
857.35,284.50848,1,871.5766088083998,140,142.92809581756592,42603,0.0,3.9895039,0.3521643280982971,0.008231249,0.03967742,0.03967742
870.125,285.27048,2,886.2154929084223,142,146.61178302764893,43815,0.0,4.013344,0.408664345741272,0.007789593,0.048350554,0.048350554
850.125,270.65982,3,871.9125809528923,145,150.05454349517822,45356,0.0,4.017454,0.5049715042114258,0.006597439,0.05417104,0.05417104
809.025,248.43716,4,832.276088395528,149,153.48690748214722,46452,0.0,3.9862385,0.2933046817779541,0.0073889513,0.06092692,0.06092692
784.975,237.61821,2,815.9771138907456,151,156.90210723876953,47490,0.0,4.0213084,0.8365437686443329,0.008109663,0.05220428,0.05220428
756.7,225.0483,3,802.9773651445015,154,160.3452570438385,48934,0.0,4.0299435,0.8913783580064774,0.007398389,0.058004234,0.058004234
738.15,216.55986,2,795.785825956968,156,163.96771478652954,50164,0.0,4.029389,0.5391803979873657,0.007359478,0.04431947,0.04431947
721.8,206.21675,3,792.3446506659628,159,167.1847801208496,52058,0.0,3.9811702,0.28615325689315796,0.008301585,0.052426685,0.052426685
721.8,204.52753,1,799.3000200931631,160,170.63178944587708,53058,0.0,3.9622478,0.8865134716033936,0.008143034,0.04899055,0.04899055
691.175,196.36534,3,783.517553230471,163,174.07930827140808,53919,0.0,3.9404833,0.8688487708568573,0.009248942,0.061758436,0.061758436
642.95,183.09651,3,749.3862298819142,166,177.5683364868164,54990,0.0,3.9449098,0.8747862279415131,0.007877863,0.04446418,0.04446418
575.8,166.15778,4,692.8155179733083,170,181.27845811843872,56042,0.0,3.9617293,0.8208699375391006,0.007705425,0.05359929,0.05359929
463.65,143.13554,6,600.4466248702599,176,184.77860736846924,57276,0.0,3.952538,0.8976003974676132,0.0077065304,0.050480247,0.050480247
362.2,123.387924,6,519.673569044767,182,188.2312753200531,58303,0.0,3.9696345,0.9255480095744133,0.0075679384,0.065658964,0.065658964
324.3,117.57222,6,500.96352779058236,188,191.72482752799988,59338,0.0,3.9572372,0.9520034082233906,0.008120876,0.047761567,0.047761567
230.75,98.04293,9,407.8611938476214,197,195.19235253334045,60394,0.0,3.9327013,0.8182642161846161,0.009392248,0.046769954,0.046769954
170.675,88.331436,8,346.06376950301666,205,198.8764669895172,61482,0.0,3.9080887,0.9135206490755081,0.00825775,0.057519283,0.057519283
143.925,86.39613,8,322.1827002755505,213,202.3071575164795,62564,0.0,3.9005756,0.9654424861073494,0.008137558,0.04673436,0.04673436
139.65,86.990746,7,321.5959854444289,220,205.78369164466858,63554,0.0,3.9174268,0.9912753691896796,0.008679544,0.04710439,0.04710439
132.225,84.411736,8,309.78890148813105,228,209.2405834197998,64627,0.0,3.857538,0.9681214317679405,0.008858535,0.05133389,0.05133389
135.325,84.21488,8,320.41217445951344,236,212.70633578300476,65704,0.0,3.816504,0.988891115412116,0.008566558,0.04865082,0.04865082
135.375,81.933365,7,325.0820163651091,243,216.43469071388245,66657,0.0,3.8106084,0.9938027299940586,0.009098659,0.047817245,0.047817245
135.95,80.68095,8,333.6453832800511,251,219.9146068096161,67711,0.0,3.7784135,0.9921022048220038,0.009342089,0.04718993,0.04718993
134.575,78.03853,8,336.3444654100748,259,223.3699972629547,68793,0.0,3.744415,0.9829575065523386,0.008678167,0.047623023,0.047623023
132.9,75.381996,8,336.53668192244584,267,226.90287709236145,69831,0.0,3.6755676,0.8850172162055969,0.009935427,0.04410334,0.04410334
130.9,72.75725,9,336.41185889327693,276,230.32606410980225,70940,0.0,3.5982585,0.8949617519974709,0.010391325,0.050649412,0.050649412
130.825,71.20054,7,338.95388363755285,283,234.05369448661804,71890,0.0,3.551026,0.9858180470764637,0.008974599,0.055955663,0.055955663
133.15,71.56018,7,348.0744016583288,290,237.47840094566345,72888,0.0,3.5382063,0.9893695376813412,0.008823724,0.06332966,0.06332966
133.8,71.15514,7,352.13117623113715,297,240.94859313964844,73884,0.0,3.5756161,0.9877486675977707,0.008948093,0.07054077,0.07054077
132.85,70.42811,8,354.1409742992564,305,244.40855646133423,74872,0.0,3.5954669,0.8845929354429245,0.009208402,0.042467944,0.042467944
136.775,72.37674,7,367.15465106648514,312,247.87552452087402,75876,0.0,3.5783076,0.9914601482450962,0.010275664,0.062045977,0.062045977
137.075,74.123505,8,372.05491524912287,320,251.61138534545898,76975,0.0,3.5747745,0.9929243815131485,0.010071581,0.060212042,0.060212042
132.725,72.36589,8,357.9612244459242,328,255.0827615261078,77916,0.0,3.5095515,0.8177965432405472,0.009017894,0.050147858,0.050147858
133.425,73.46437,7,357.81783293106,335,258.54679465293884,78947,0.0,3.4679193,0.9868625346571207,0.009863425,0.060675368,0.060675368
135.225,75.500565,8,354.03375745154096,343,261.9647042751312,80108,0.0,3.4723287,0.967215184122324,0.009323014,0.07010813,0.07010813
138.6,79.56484,7,358.4534783470594,350,265.35824704170227,81132,0.0,3.4405434,0.9621690772473812,0.008177371,0.055747762,0.055747762
140.325,82.05672,7,358.6456051793217,357,269.0667054653168,82170,0.0,3.4154427,0.9841533470898867,0.00921979,0.068428814,0.068428814
145.175,86.865616,7,370.2943304629449,364,272.4890582561493,83159,0.0,3.3541563,0.9863835321739316,0.009942207,0.058066368,0.058066368
139.05,85.349266,9,347.2096597351581,373,275.9124665260315,84214,0.0,3.302462,0.7374851107597351,0.009741634,0.049064565,0.049064565
137.35,86.812355,8,340.8173406266168,381,279.36142921447754,85305,0.0,3.3000257,0.9034589007496834,0.010013143,0.058683198,0.058683198
132.0,83.5847,8,319.8295532505326,389,282.8140745162964,86302,0.0,3.259622,0.8003816604614258,0.010045156,0.061422125,0.061422125
132.25,85.0215,6,320.5247139604013,395,286.5175054073334,87145,0.0,3.22979,0.9563499204814434,0.009305801,0.06421948,0.06421948
133.2,85.90584,7,319.28722126375476,402,289.96273922920227,88205,0.0,3.235831,0.9831085335463285,0.0095942635,0.06327831,0.06327831
137.3,89.34489,6,330.3452537236907,408,293.4224855899811,89164,0.0,3.2179031,0.9853694848716259,0.01043104,0.08010252,0.08010252
145.45,97.76622,6,354.2790036532995,414,296.8874638080597,90188,0.0,3.187345,0.8696119338274002,0.009021901,0.08027591,0.08027591
148.8,100.74748,4,364.3991057681268,418,300.33741545677185,90898,0.0,3.1175513,0.8425005376338959,0.010932803,0.057464544,0.057464544
158.5,108.97884,5,392.38709602039546,423,304.0426104068756,91821,0.0,3.109927,0.8922882452607155,0.008577547,0.055052638,0.055052638
168.8,120.69202,5,424.35396244334333,428,307.58535075187683,92924,0.0,3.1590905,0.7978549301624298,0.008703258,0.06277777,0.06277777
182.35,138.37161,4,467.5295389835348,432,311.0239086151123,94015,0.0,3.1295087,0.806263655424118,0.008619707,0.06004263,0.06004263
196.3,157.01788,4,504.2858357403942,436,314.44655752182007,95154,0.0,3.127962,0.01601564884185791,0.008916304,0.056070514,0.056070514
200.775,160.0714,5,514.9868122105419,441,317.9020953178406,96095,0.0,3.134554,0.7718976736068726,0.009776886,0.057208344,0.057208344
209.6,167.79527,3,538.6741352796691,444,321.5807566642761,96913,0.0,3.1180494,0.8166525214910507,0.009553345,0.058494806,0.058494806
221.475,182.25906,2,574.1983038478012,446,324.9858465194702,97733,0.0,3.0940933,0.8055976182222366,0.008954943,0.047889337,0.047889337
243.675,210.69536,4,638.2676988849698,450,328.46209049224854,99204,0.0,3.0538638,0.8127431124448776,0.008654965,0.049119405,0.049119405
262.025,228.48575,3,688.9519421490902,453,331.87277936935425,100419,0.0,3.050387,0.8056103587150574,0.009612307,0.050980728,0.050980728
268.05,231.2791,2,700.6321672436179,455,335.2885220050812,101058,0.0,3.0257244,0.8193660974502563,0.00915331,0.044488702,0.044488702
286.725,247.96494,2,750.1211846108399,457,338.969126701355,102125,0.0,3.09744,0.4695122241973877,0.009519563,0.0423186,0.0423186
305.15,261.80807,3,797.2765340651337,460,342.38792514801025,103442,0.0,3.090698,0.6881921589374542,0.009267046,0.051143505,0.051143505
325.725,277.01157,1,852.1048850753134,461,345.8070468902588,104442,0.0,3.0495908,0.1357264518737793,0.009202926,0.03853129,0.03853129
339.15,287.45114,2,892.9524082519667,463,349.22174072265625,105387,0.0,3.0134072,0.7257849872112274,0.009828328,0.04479653,0.04479653
358.025,298.4142,1,943.6351280645162,464,352.6219525337219,106387,0.0,3.1022317,0.4375739097595215,0.009918223,0.049304835,0.049304835
362.8,298.23724,2,953.6573938629106,466,356.7121846675873,107052,0.0,3.1384182,0.8302056938409805,0.008963239,0.050068628,0.050068628
383.45,312.06662,1,1013.9290177996284,467,360.1785502433777,108052,0.0,3.1764448,0.5337622761726379,0.009233004,0.050929036,0.050929036
390.65,314.8418,1,1037.2692744946878,468,363.4397804737091,108550,0.0,3.0964565,0.9317576289176941,0.009664654,0.058448896,0.058448896
414.75,320.98434,2,1103.3607546573965,470,366.8188691139221,110138,0.0,3.0729582,0.7865655720233917,0.008710271,0.039662763,0.039662763
437.05,326.5978,2,1164.99439493794,472,370.28717732429504,111497,0.0,3.015931,0.9113804474473,0.011349972,0.06374024,0.06374024
450.65,325.24225,1,1200.715392748091,473,374.00453519821167,112497,0.0,2.9909585,0.3473823070526123,0.008726895,0.047115237,0.047115237
472.575,330.6084,2,1267.7576240024039,475,377.4705493450165,113827,0.0,3.0238724,0.9324395880103111,0.009901332,0.060002267,0.060002267
491.825,336.16376,1,1321.5110844914675,476,380.9236855506897,114827,0.0,3.0114214,0.48451197147369385,0.010292027,0.056354374,0.056354374
502.25,339.1164,2,1355.33885470473,478,384.3452477455139,115647,0.0,2.922982,0.9395348094403744,0.009869166,0.05278872,0.05278872
522.85,348.7885,1,1417.0299470557222,479,387.7801077365875,116636,0.0,2.929441,0.9535545967519283,0.009299995,0.052100502,0.052100502
546.075,357.07593,2,1486.3327162440016,481,391.5034852027893,117938,0.0,2.8967977,0.9196166545152664,0.009657586,0.056542907,0.056542907
558.475,359.121,2,1526.4852637922972,483,394.9758529663086,119000,0.0,2.9151614,0.9735270366072655,0.009257901,0.06767965,0.06767965
577.175,363.34964,1,1578.5853995676632,484,398.36835741996765,120000,0.0,2.9193752,0.13779103755950928,0.009807849,0.04270687,0.04270687
596.4,369.19403,1,1638.5987250947976,485,401.71450328826904,121000,0.0,2.926613,0.8855762556195259,0.009708337,0.057577316,0.057577316
603.15,366.30893,1,1664.0481066075233,486,405.1204948425293,121859,0.0,2.880074,0.8467390090227127,0.009635342,0.049898766,0.049898766
611.175,354.61874,2,1693.6187925980273,488,408.8090558052063,123178,0.0,2.8182065,0.9142636954784393,0.013421839,0.06305796,0.06305796
620.825,354.79047,2,1730.9285531719847,490,412.2408516407013,124037,0.0,2.8242407,0.9750198926776648,0.010442711,0.065320104,0.065320104
631.225,355.85074,2,1775.4291925209357,492,415.65280747413635,125277,0.0,2.709054,0.747491866350174,0.010087169,0.05372052,0.05372052
645.65,357.64713,2,1830.6316095062807,494,419.07729053497314,126453,0.0,2.7409694,0.9291749447584152,0.0100654345,0.049735267,0.049735267
635.475,339.29953,3,1813.800378768156,497,422.49678921699524,127544,0.0,2.7034295,0.6538234353065491,0.010977659,0.055189945,0.055189945
647.925,340.55396,1,1859.3210616110869,498,426.18793630599976,128544,0.0,2.7575579,-0.081992506980896,0.011481083,0.042829983,0.042829983
656.225,338.2944,1,1891.7421512975511,499,429.60057616233826,129544,0.0,2.7761543,0.23525995016098022,0.010061791,0.030784337,0.030784337
677.55,349.35425,1,1961.753444228872,500,433.00271940231323,130544,0.0,2.7375822,0.8875565230846405,0.009928877,0.04896615,0.04896615
677.55,342.4859,1,1973.1688740346533,501,436.4271194934845,131544,0.0,2.7664185,0.06480413675308228,0.009478449,0.03677194,0.03677194
676.3,333.4702,1,1975.2986268923894,502,439.8083791732788,132308,0.0,2.7519116,0.9373956322669983,0.010005004,0.055378802,0.055378802
666.675,323.65808,2,1959.5792859007772,504,443.5034840106964,133054,0.0,2.7202845,0.9268280789256096,0.010353157,0.0603241,0.0603241
688.375,335.13806,1,2032.0314034869753,505,446.90804839134216,134054,0.0,2.6964104,-0.09342098236083984,0.01115899,0.04448683,0.04448683
700.05,338.4397,1,2074.700930252749,506,450.30922651290894,135054,0.0,2.6993623,0.016388118267059326,0.008892467,0.03564921,0.03564921
700.05,333.882,1,2084.7036139668016,507,453.73422169685364,136054,0.0,2.6841216,0.929465763270855,0.010017564,0.05408711,0.05408711
699.225,332.53058,1,2086.098654118076,508,457.1523063182831,136519,0.0,2.7488492,0.9583252109587193,0.009860648,0.065016314,0.065016314
699.225,330.90976,1,2095.031797494734,509,460.88118171691895,137519,0.0,2.7188506,0.17047429084777832,0.009940356,0.044626668,0.044626668
703.475,332.7903,1,2116.14109366778,510,464.3155345916748,138277,0.0,2.648121,0.9041494801640511,0.010655738,0.047998603,0.047998603
705.925,333.8685,1,2133.439584956455,511,467.6894516944885,139277,0.0,2.6309705,0.9191442653536797,0.010361753,0.07840311,0.07840311
705.8,336.96753,2,2153.5565846626005,513,471.07537484169006,140729,0.0,2.6430779,0.772223025560379,0.008403735,0.038252108,0.038252108
694.55,333.19342,3,2139.36440175166,516,474.44788694381714,142609,0.0,2.7015374,0.7967018336057663,0.010176951,0.04622808,0.04622808
695.675,334.24478,2,2150.2328693315203,518,478.1531026363373,143474,0.0,2.6477358,0.9617703445255756,0.010012001,0.048833624,0.048833624
664.075,319.26587,2,2062.7840291568928,520,481.5790297985077,144195,0.0,2.5979118,0.7668023556470871,0.009474905,0.052759103,0.052759103
681.425,328.76263,1,2119.6551432586625,521,485.2465879917145,145195,0.0,2.5704627,0.4916912913322449,0.0104817515,0.046052217,0.046052217
674.525,326.9994,2,2105.334760184579,523,489.27875304222107,145981,0.0,2.5849023,0.9266620352864265,0.00990035,0.057638813,0.057638813
657.175,324.45303,2,2068.337114368409,525,493.7546021938324,147287,0.0,2.6087859,0.9479474313557148,0.010615179,0.072211295,0.072211295
660.7,324.3964,1,2076.326829958657,526,498.1135103702545,148287,0.0,2.6266878,0.08152765035629272,0.010985657,0.0385041,0.0385041
668.95,329.656,2,2105.919316495264,528,502.1451404094696,149936,0.0,2.6320894,0.7907216250896454,0.010185443,0.041569605,0.041569605
677.0,335.43588,2,2132.687745812638,530,505.9092102050781,151117,0.0,2.667073,0.9389711581170559,0.009736281,0.050392997,0.050392997
677.125,336.93866,2,2136.6469532737588,532,509.81014347076416,152362,0.0,2.5938413,0.9686229377985001,0.009822213,0.05318708,0.05318708
680.475,340.86743,1,2150.832392869058,533,514.1159853935242,153215,0.0,2.5796838,0.8998476937413216,0.01079399,0.043734126,0.043734126
680.725,344.08905,3,2152.67704531825,536,518.5766155719757,154390,0.0,2.6045861,0.8444395512342453,0.010905948,0.04797855,0.04797855
627.75,321.60376,4,1988.4547015532444,540,522.873476266861,155654,0.0,2.609181,0.8554169237613678,0.011154626,0.06703738,0.06703738
605.875,314.2061,3,1917.5626703375806,543,527.1341071128845,156922,0.0,2.5464692,0.9617964811623096,0.012130307,0.05952409,0.05952409
608.9,318.13336,2,1929.6120128067073,545,531.1946029663086,158410,0.0,2.5375159,0.945857048034668,0.008971682,0.054000825,0.054000825
596.175,313.12994,1,1889.6928199187828,546,534.8709607124329,158901,0.0,2.4835916,0.9699048846960068,0.009770028,0.051649544,0.051649544
584.175,308.23557,1,1849.299718990275,547,539.2234551906586,159421,0.0,2.4342246,0.9723619259893894,0.010228844,0.061901942,0.061901942
580.4,309.1328,2,1840.6481615594798,549,543.6244697570801,160735,0.0,2.4563692,0.9869266664609313,0.010326246,0.060019646,0.060019646
584.525,313.94427,1,1855.4669608685283,550,548.2782273292542,161658,0.0,2.428836,0.9868794502690434,0.01001342,0.055817418,0.055817418
584.525,314.8291,1,1853.254910790578,551,552.3264288902283,162658,0.0,2.4415557,0.7795091420412064,0.010120386,0.036744103,0.036744103
573.85,311.7608,2,1821.7689134945708,553,556.2106647491455,163683,0.0,2.4844968,0.9586729370057583,0.010271134,0.060084112,0.060084112
573.325,313.68634,1,1826.207169754917,554,560.535413980484,164662,0.0,2.483002,0.9514587447047234,0.01109866,0.06666084,0.06666084
575.325,314.87695,1,1832.3165574113598,555,564.6341650485992,165297,0.0,2.5255766,0.9899634858593345,0.009913805,0.060270503,0.060270503
602.125,328.71988,2,1916.2886181308083,557,568.639524936676,167067,0.0,2.5558987,0.7719787359237671,0.0099389255,0.035819218,0.035819218
610.95,333.91608,1,1945.8226876088738,558,573.0931506156921,167912,0.0,2.512784,0.978981563821435,0.010842079,0.056350604,0.056350604
627.025,343.60632,1,1999.9032654725283,559,576.8649311065674,168912,0.0,2.5929573,0.2460007667541504,0.010733118,0.029807981,0.029807981
618.275,341.2083,2,1975.6818085063528,561,581.3059229850769,169926,0.0,2.5120537,0.9837927799671888,0.010561578,0.06730826,0.06730826
623.4,346.4366,2,1997.3113470039982,563,585.231321811676,170917,0.0,2.479746,0.9844197016209364,0.010685327,0.06429142,0.06429142
598.375,335.28662,3,1919.7398601343798,566,589.5045404434204,172222,0.0,2.4391053,0.9903571428731084,0.011043711,0.05652382,0.05652382
594.5,336.37463,2,1913.3497941189657,568,593.282467842102,173716,0.0,2.4034324,0.9893219657242298,0.010516619,0.05947483,0.05947483
572.275,326.55518,3,1846.3500507783301,571,597.0122950077057,174854,0.0,2.3423462,0.9722533132880926,0.010046067,0.067503825,0.067503825
564.125,322.8462,2,1820.566894265124,573,601.337247133255,175780,0.0,2.3161192,0.9788738749921322,0.010479689,0.0740719,0.0740719
561.25,323.7969,2,1814.8201211399914,575,605.4231729507446,176698,0.0,2.3093534,0.9871192369610071,0.010924943,0.061819457,0.061819457
563.25,329.93988,3,1832.0325315676462,578,609.5445709228516,177658,0.0,2.2287285,0.9741918090730906,0.011090115,0.053979274,0.053979274
565.0,337.04208,3,1844.6203477063543,581,613.1200435161591,178633,0.0,2.2049727,0.988723830319941,0.010848549,0.055024594,0.055024594
540.65,329.43234,3,1772.3627480777802,584,616.7355856895447,179548,0.0,2.1670198,0.9888320919126272,0.011104499,0.0626948,0.0626948
525.725,326.9317,3,1725.3768509904482,587,621.6478843688965,180450,0.0,2.1665182,0.8019105941057205,0.011293931,0.045932896,0.045932896
493.45,313.6563,3,1620.3447347539143,590,624.9630997180939,181396,0.0,2.0911264,0.9689189177006483,0.010479432,0.061275527,0.061275527
464.675,299.367,3,1527.266570313205,593,628.6764047145844,182270,0.0,2.0975459,0.8492163866758347,0.011360789,0.046663318,0.046663318
426.225,285.30087,3,1406.7445566764993,596,632.066328048706,183346,0.0,2.0640426,0.9822835456579924,0.010169517,0.051956758,0.051956758
384.65,269.10626,3,1276.6461124760087,599,635.3671414852142,184298,0.0,2.0218508,0.9805149268358946,0.010281464,0.056781262,0.056781262
373.25,265.57324,3,1239.4596406317658,602,639.5426816940308,185226,0.0,2.0706322,0.9817741494625807,0.010251113,0.063063145,0.063063145
346.625,255.3665,4,1153.83978628861,606,643.1316483020782,186087,0.0,2.0339658,0.9808565247803926,0.010709453,0.07191804,0.07191804
312.2,238.24179,4,1036.9775883366722,610,647.4773392677307,186953,0.0,2.0077512,0.980497969314456,0.011733846,0.05944508,0.05944508
294.875,231.48709,4,979.1931812865466,614,651.7093544006348,187926,0.0,1.9659272,0.9844187740236521,0.011902466,0.06767514,0.06767514
270.325,219.56436,6,893.6633362184657,620,655.3435587882996,189145,0.0,1.9370583,0.9915043897926807,0.011444587,0.06150486,0.06150486
264.075,218.52377,4,873.7159055645445,624,659.9943616390228,190111,0.0,1.9506388,0.9728655479848385,0.011443159,0.0676757,0.0676757
249.325,210.11682,5,824.9121520584422,629,664.1667740345001,191103,0.0,1.9439973,0.9853933826088905,0.012970496,0.06551251,0.06551251
239.45,205.58682,5,793.1035660728118,634,667.4163436889648,192086,0.0,1.923947,0.9906596019864082,0.010655293,0.06824088,0.06824088
217.175,193.53581,5,716.4447173303452,639,671.2191598415375,192985,0.0,1.9752359,0.9824608508497477,0.010987851,0.053726565,0.053726565
206.975,189.07474,5,681.1811791286771,644,675.4262356758118,193918,0.0,1.976349,0.9905118923634291,0.010817243,0.053086307,0.053086307
203.675,188.59953,5,671.6762363733409,649,679.6679975986481,194856,0.0,1.9505806,0.9883856354281306,0.01158066,0.05741696,0.05741696
196.0,182.43639,6,644.3258528050116,655,683.2872397899628,195965,0.0,1.9636075,0.9890341153368354,0.010972692,0.054162245,0.054162245
191.525,177.79768,6,627.251618112988,661,687.522082567215,197044,0.0,1.9337808,0.9849044838920236,0.011591382,0.057615034,0.057615034
185.95,170.06325,6,606.9150015216777,667,691.7768259048462,198166,0.0,1.954342,0.9941030801273882,0.01048395,0.052716658,0.052716658
183.525,163.87956,6,596.2602481256101,673,695.8628327846527,199251,0.0,1.9431114,0.9941153423860669,0.011088623,0.05537255,0.05537255
184.025,157.86795,6,596.6679063435946,679,699.7962329387665,200346,0.0,1.9008516,0.994416834320873,0.0111118825,0.051878396,0.051878396
183.45,150.09724,6,591.4186297491701,685,703.5623099803925,201445,0.0,1.8870584,0.9810197129845619,0.010950438,0.057186916,0.057186916
184.55,142.45578,6,590.5283538068508,691,707.1958744525909,202589,0.0,1.881192,0.9944326849654317,0.00996512,0.063218646,0.063218646
183.9,136.56761,5,586.8676771856275,696,710.8250467777252,203502,0.0,1.8744351,0.9925338076427579,0.010845312,0.055448603,0.055448603
184.675,129.77072,6,589.3533176173335,702,714.5529036521912,204614,0.0,1.809189,0.9946503266692162,0.010652928,0.050476886,0.050476886
184.45,121.6118,6,585.7327978020969,708,718.7506778240204,205721,0.0,1.8203158,0.9790553748607635,0.010457566,0.04999639,0.04999639
184.725,115.45215,5,585.5607293285796,713,722.5183024406433,206640,0.0,1.7835072,0.9907175907865167,0.009977493,0.056320433,0.056320433
185.475,110.53328,5,587.4456733032264,718,726.3441886901855,207580,0.0,1.7885741,0.9895293917506933,0.011237107,0.055047974,0.055047974
186.6,104.65477,5,587.6206851596354,723,729.9914181232452,208537,0.0,1.7649227,0.9429663605988026,0.011006039,0.050987884,0.050987884
188.65,101.47279,4,595.8451699515438,727,733.4570684432983,209372,0.0,1.7528193,0.9931614678353071,0.010401493,0.0625454,0.0625454
190.825,97.521385,5,602.9196315781473,732,737.6001398563385,210402,0.0,1.7372317,0.9963640661444515,0.011914646,0.060086578,0.060086578
194.625,94.22411,5,613.9499733076447,737,741.1311547756195,211463,0.0,1.718983,0.9914793567731977,0.010377169,0.05389445,0.05389445
198.125,90.471756,5,621.3982152887154,742,744.704660654068,212539,0.0,1.7433887,0.9917211420834064,0.010369388,0.055646524,0.055646524
201.125,87.409874,5,630.4416034130685,747,748.8243610858917,213595,0.0,1.7023306,0.9923052033409476,0.011395684,0.054123905,0.054123905
205.0,86.0002,5,643.341545706919,752,752.8021097183228,214649,0.0,1.7007105,0.9929116945713758,0.011535369,0.060152143,0.060152143
210.05,84.339584,5,657.1761846887456,757,757.6531865596771,215784,0.0,1.6740613,0.9956216211430728,0.01045192,0.06363975,0.06363975
215.35,84.287964,4,675.893436757389,761,762.1198813915253,216793,0.0,1.6783338,0.9834118857979774,0.011416854,0.05369202,0.05369202
219.575,84.33588,5,690.4305408540125,766,766.3584079742432,217960,0.0,1.6563723,0.9842652529478073,0.012073893,0.057128865,0.057128865
229.35,86.59321,4,721.4262830442573,770,770.493218421936,219174,0.0,1.6342936,0.9783166889101267,0.011198148,0.055431988,0.055431988
236.0,88.0784,4,744.6838464185823,774,775.9735128879547,220261,0.0,1.6520528,0.9793998654931784,0.011214861,0.061931014,0.061931014
240.175,88.8375,3,759.6989497364017,777,781.1399505138397,221070,0.0,1.6599131,0.9868297511711717,0.011608256,0.06106876,0.06106876
250.625,92.654,3,795.1369477896608,780,785.4889359474182,222117,0.0,1.6372213,0.9717782437801361,0.010584388,0.050348617,0.050348617
261.4,96.69,3,830.4107969510275,783,788.9309527873993,223203,0.0,1.6277921,0.9835000019520521,0.011519622,0.051138453,0.051138453
266.95,99.129715,3,847.7196915465832,786,792.3741497993469,224071,0.0,1.5841638,0.8943793848156929,0.011443898,0.048130505,0.048130505
282.575,106.452225,2,898.9793818482622,788,795.8279435634613,225128,0.0,1.5268658,0.9903416726738214,0.010086801,0.053291842,0.053291842
298.875,113.31201,2,952.9034853624951,790,799.6419734954834,226201,0.0,1.4940023,0.9830530304461718,0.011550976,0.048563335,0.048563335
329.15,126.938614,2,1050.428775946492,792,803.0631711483002,227815,0.0,1.4756318,0.9786645565181971,0.011066654,0.055842504,0.055842504
335.925,130.26665,3,1071.5305077579078,795,806.5354473590851,228791,0.0,1.4745837,0.8243498653173447,0.01151,0.04997812,0.04997812
351.175,137.36299,1,1121.0576468134007,796,809.9593951702118,229616,0.0,1.4724263,0.9669972024857998,0.010311433,0.049523074,0.049523074
378.025,149.07072,3,1207.6711892771145,799,813.3927707672119,231359,0.0,1.4926146,0.9866930339485407,0.011779077,0.053718995,0.053718995
395.725,156.66849,2,1260.243896138096,801,817.2579686641693,232622,0.0,1.4875294,0.7855516672134399,0.010777139,0.040144995,0.040144995
413.45,165.46286,1,1318.2374345832122,802,820.7431170940399,233541,0.0,1.4829296,0.9605907872319221,0.010511883,0.04373237,0.04373237
441.775,178.01944,3,1407.8781794428403,805,824.2570610046387,235380,0.0,1.4943898,0.9424078427255154,0.012376336,0.0559093,0.0559093
457.85,185.5321,1,1460.7571184641824,806,827.6610689163208,236274,0.0,1.5070754,0.9574322067201138,0.010927958,0.068090886,0.068090886
475.2,193.85281,1,1512.7749590780759,807,831.1411561965942,237274,0.0,1.5397335,0.26048576831817627,0.012230515,0.034707204,0.034707204
484.4,197.34793,3,1538.6988012437773,810,835.0443873405457,238550,0.0,1.5571327,0.8861069455742836,0.011291264,0.04775478,0.04775478
500.925,205.11276,1,1589.7886027961333,811,839.3199193477631,239550,0.0,1.5737658,0.9361385628581047,0.010211218,0.04873889,0.04873889
520.0,213.89038,1,1646.1196912282849,812,843.3435134887695,240550,0.0,1.5688779,0.03170943260192871,0.0094781,0.0416671,0.0416671
538.475,221.85136,1,1699.7110075103913,813,847.0996222496033,241550,0.0,1.5412331,0.3845282196998596,0.013742168,0.04701004,0.04701004
557.225,229.91324,1,1754.0975658058553,814,850.7284886837006,242550,0.0,1.5487673,0.09792530536651611,0.010133579,0.03554412,0.03554412
586.15,242.99654,2,1842.3849051449663,816,855.0587756633759,244247,0.0,1.5499984,0.8505053371191025,0.011582065,0.05295761,0.05295761
604.425,250.45102,1,1896.0026058853114,817,860.0946085453033,245247,0.0,1.5646325,0.07816511392593384,0.0120867975,0.044908006,0.044908006
622.475,257.8372,1,1947.8174012054837,818,864.0721929073334,246247,0.0,1.5335884,0.1522732973098755,0.012928454,0.048044674,0.048044674
625.5,258.52774,3,1952.8933698444794,821,868.0347726345062,247429,0.0,1.5371256,0.8788247555494308,0.010151494,0.0568904,0.0568904
639.95,264.10846,1,1993.015071664156,822,871.7104947566986,248429,0.0,1.5397292,0.06401604413986206,0.011103241,0.047287848,0.047287848
654.225,269.9351,1,2037.8882749406753,823,876.0118868350983,249372,0.0,1.6024063,0.9657329730689526,0.010178297,0.04749541,0.04749541
678.075,279.52966,2,2116.2104806772018,825,879.8044619560242,250917,0.0,1.5947874,0.9824617393314838,0.012164007,0.05608861,0.05608861
696.15,286.7161,1,2168.9698786175095,826,883.5011644363403,251917,0.0,1.5970421,0.20295143127441406,0.011297264,0.053492762,0.053492762
698.65,287.13196,2,2172.771181393137,828,887.7931461334229,253074,0.0,1.5859976,0.7234111130237579,0.011841704,0.046445843,0.046445843
707.025,291.3457,1,2199.8152275472144,829,891.8847048282623,254035,0.0,1.569748,0.9572058841586113,0.010891163,0.06322026,0.06322026
688.55,282.28543,3,2142.918859949777,832,896.4053158760071,255357,0.0,1.571971,0.9796518087387085,0.010768048,0.06119216,0.06119216
694.75,284.89032,2,2166.1231386162535,834,899.8645582199097,256319,0.0,1.5749042,0.9490424767136574,0.010627939,0.062941805,0.062941805
713.2,292.4038,1,2221.7776427013164,835,905.2239227294922,257319,0.0,1.5970776,0.2736614942550659,0.012274701,0.050126974,0.050126974
717.575,293.79303,1,2233.039235725363,836,909.549122095108,258319,0.0,1.5825547,0.20161449909210205,0.0119003635,0.04657517,0.04657517
719.925,293.96844,1,2238.0478623555464,837,912.8405227661133,259319,0.0,1.5795889,0.11357897520065308,0.012154939,0.03448509,0.03448509
732.2,298.45367,1,2274.104604564947,838,916.551246881485,260319,0.0,1.5511733,0.20721858739852905,0.010903352,0.05444549,0.05444549
746.8,305.48276,1,2323.201034960796,839,920.2677919864655,261231,0.0,1.563689,0.9700485169887543,0.0108015165,0.05948723,0.05948723
741.7,302.74884,2,2305.8594505398446,841,923.5449779033661,262290,0.0,1.5638626,0.340589702129364,0.011209011,0.055203304,0.055203304
743.725,301.819,1,2308.8333050583383,842,927.1292295455933,263290,0.0,1.5670892,0.6376789510250092,0.011182757,0.044620864,0.044620864
738.875,299.27728,1,2296.9121292962363,843,931.3800735473633,264096,0.0,1.5596302,0.9412588477134705,0.011368234,0.058186773,0.058186773
755.95,306.64117,2,2349.0076465685843,845,935.8227684497833,265618,0.0,1.5732679,0.6506871283054352,0.011646118,0.044572797,0.044572797
732.575,294.2334,3,2274.8179519915134,848,939.5831413269043,267105,0.0,1.5738834,0.7916246950626373,0.0098981885,0.047537573,0.047537573
743.85,299.4016,1,2311.179781354551,849,943.410635471344,268105,0.0,1.5711557,0.9470147490501404,0.014793071,0.047942743,0.047942743
750.875,301.0733,2,2337.051271331308,851,946.9745564460754,269585,0.0,1.6002082,0.9459350109100342,0.0105724875,0.060524825,0.060524825
750.875,300.32495,1,2339.131423231118,852,950.9100997447968,270585,0.0,1.5921018,0.21556544303894043,0.01246025,0.040488876,0.040488876
745.375,298.1079,1,2326.314533540624,853,955.0891425609589,271365,0.0,1.5950975,0.9533916600048542,0.009362471,0.06371895,0.06371895
699.8,277.9339,3,2187.2481303133377,856,958.8044624328613,272239,0.0,1.6303217,0.6685051023960114,0.0114319585,0.05631291,0.05631291
699.8,277.92108,1,2188.7697066347223,857,962.7174181938171,273239,0.0,1.5935062,0.1593254804611206,0.011712556,0.04028734,0.04028734
703.75,280.05817,3,2204.4374833988536,860,966.2255237102509,274941,0.0,1.6388048,0.6772567927837372,0.012469177,0.04998772,0.04998772
702.825,280.05078,2,2208.6753606651396,862,969.8235037326813,276542,0.0,1.6512308,0.7046780288219452,0.009565212,0.055363875,0.055363875
692.425,275.87012,2,2173.0310351002454,864,974.7224066257477,277982,0.0,1.6298382,0.1099555492401123,0.011783181,0.04173999,0.04173999
691.425,276.36963,1,2171.2129628486873,865,978.756867647171,278574,0.0,1.6443597,0.9332472085952759,0.0038970548,0.033642314,0.033642314
677.95,270.6351,2,2130.8553507788456,867,983.4537723064423,279993,0.0,1.6549531,0.7819997817277908,0.012718908,0.05453976,0.05453976
673.825,269.5943,2,2119.8700139227,869,987.365086555481,280988,0.0,1.6909178,0.7546302080154419,0.010402907,0.059205,0.059205
681.5,273.21103,1,2143.9896588203032,870,990.6351428031921,281784,0.0,1.70232,0.9524152353405952,0.01056426,0.06124147,0.06124147
693.325,277.534,1,2178.9044099707544,871,994.3186619281769,282784,0.0,1.6937221,0.14296883344650269,0.010608352,0.043674856,0.043674856
707.8,284.85483,2,2222.8474093540926,873,998.0605232715607,284244,0.0,1.6332352,0.7122747898101807,0.0116871735,0.053606246,0.053606246
723.125,290.85925,1,2269.127806957313,874,1001.7058322429657,285244,0.0,1.6506151,0.16005313396453857,0.010799145,0.04140094,0.04140094
684.325,275.55118,3,2151.2972299216876,877,1005.1207885742188,286692,0.0,1.6531019,0.7498860359191895,0.011934742,0.05286399,0.05286399
684.325,276.1258,1,2152.7462727098746,878,1009.26527094841,287692,0.0,1.6510656,0.420327365398407,0.010229473,0.043303665,0.043303665
669.55,270.58823,2,2106.7687627512,880,1013.980500459671,289013,0.0,1.6138928,0.9679586589336395,0.010925602,0.04785128,0.04785128
677.8,274.71176,2,2134.4514739285187,882,1018.2175569534302,290402,0.0,1.5881336,0.6810985207557678,0.010174099,0.0449832,0.0449832
682.65,277.0692,1,2148.1480369828582,883,1021.8048138618469,291402,0.0,1.5720205,0.4797881841659546,0.010123627,0.03927099,0.03927099
664.775,271.9851,3,2097.108658547878,886,1026.0417664051056,293209,0.0,1.557968,0.651674896478653,0.011631738,0.04765107,0.04765107
671.075,276.11206,2,2118.001240248545,888,1029.6720740795135,293948,0.0,1.5660743,0.9825508706271648,0.011688761,0.0685073,0.0685073
653.925,270.6072,2,2066.386768921881,890,1033.5781638622284,295262,0.0,1.5841825,0.9696868918836117,0.010914892,0.056440003,0.056440003
662.85,276.4112,1,2097.6005894191994,891,1037.2071940898895,296099,0.0,1.55542,0.9453893192112446,0.012492765,0.11516376,0.11516376
662.85,277.05225,1,2099.8989247046825,892,1041.2250351905823,297099,0.0,1.555541,0.1920033097267151,0.010852198,0.0419508,0.0419508
666.55,278.5396,1,2110.855451427732,893,1045.858150959015,298027,0.0,1.5528365,0.21282583475112915,0.010808898,0.04987344,0.04987344
681.9,285.3139,1,2159.4440958325968,894,1050.5231311321259,299027,0.0,1.5639942,0.17345523834228516,0.010844307,0.043527305,0.043527305
689.625,291.40387,2,2189.863520776534,896,1054.2528121471405,299824,0.0,1.5443103,0.9858845770359039,0.010817414,0.061883695,0.061883695
689.625,292.26724,1,2192.4871706456493,897,1058.073298215866,300824,0.0,1.5522623,0.15512454509735107,0.010919704,0.031986542,0.031986542
681.425,292.19736,2,2174.2583365868363,899,1061.6475026607513,301847,0.0,1.5636489,0.9739202968776226,0.012958819,0.075389236,0.075389236
669.075,289.68033,3,2138.32518558948,902,1065.17316198349,303305,0.0,1.5890818,0.8373391181230545,0.010666315,0.046291836,0.046291836
668.25,292.9979,2,2144.8480283729023,904,1069.148663520813,304712,0.0,1.5909564,0.9901099456474185,0.011112437,0.06759778,0.06759778
663.45,291.53058,1,2129.1043548182083,905,1073.5077557563782,305112,0.0,1.5779066,0.9880605572834611,0.010649487,0.07700029,0.07700029
662.7,294.45987,2,2133.153824628829,907,1077.2399718761444,306501,0.0,1.6024464,0.9921422014012933,0.010927693,0.061081715,0.061081715
673.25,300.27167,2,2169.7917604513905,909,1083.632555961609,307918,0.0,1.5774946,0.9203048571944237,0.011862496,0.0510225,0.0510225
678.35,303.02557,1,2186.8262087369217,910,1088.1501846313477,308918,0.0,1.5961008,0.4684855341911316,0.009144541,0.0591861,0.0591861
660.025,298.3023,2,2135.9602787903887,912,1093.216460466385,310185,0.0,1.5611985,0.9740369450300932,0.010727847,0.062101826,0.062101826
668.7,302.9068,1,2165.7087239826424,913,1097.9705357551575,310992,0.0,1.5796614,0.9461536891758442,0.009773548,0.050257735,0.050257735
648.925,295.91666,2,2106.849284024031,915,1101.4986486434937,312201,0.0,1.5904224,0.7740506529808044,0.011472761,0.043568257,0.043568257
659.325,300.9273,2,2140.493242423893,917,1105.3970518112183,313065,0.0,1.6092879,0.9613250344991684,0.010676935,0.054465838,0.054465838
637.725,293.68976,2,2075.5113482589795,919,1110.0841002464294,314201,0.0,1.594527,0.9741379208862782,0.010857349,0.05835668,0.05835668
654.7,301.3876,1,2129.9454411884835,920,1116.0897674560547,315201,0.0,1.6026752,0.37342125177383423,0.010221461,0.042540543,0.042540543
654.65,303.7734,1,2135.967678261199,921,1120.56298828125,316199,0.0,1.5910038,0.981006745249033,0.010198487,0.0505003,0.0505003
669.925,310.85046,1,2186.0491812023815,922,1124.427474975586,317199,0.0,1.6185349,0.2031775712966919,0.0113407485,0.049432814,0.049432814
668.125,311.47397,1,2183.423919693562,923,1128.6360235214233,318127,0.0,1.6613921,0.9774290043860674,0.010025006,0.05664637,0.05664637
669.525,313.79913,2,2191.1110686602246,925,1132.4463949203491,319523,0.0,1.6801715,0.9874606262892485,0.009736618,0.05787408,0.05787408
674.6,317.61188,2,2210.3555449367304,927,1136.8451189994812,320604,0.0,1.6430547,0.9855813160538673,0.011248076,0.058995765,0.058995765
691.4,324.62094,1,2262.2241988799824,928,1141.4919667243958,321604,0.0,1.6281854,0.14245659112930298,0.010735875,0.045222983,0.045222983
689.15,323.8852,1,2254.845289132034,929,1145.048891544342,322408,0.0,1.5957756,0.9838743824511766,0.010114159,0.06067749,0.06067749
702.175,329.72,1,2296.269498017193,930,1148.3276007175446,323349,0.0,1.5767834,0.04219460487365723,0.011211434,0.04139447,0.04139447
692.025,324.8148,1,2262.7440022271485,931,1152.7025582790375,323780,0.0,1.5919648,0.9781023878604174,0.010430355,0.06066304,0.06066304
692.025,325.05023,1,2263.3648243759526,932,1157.6372570991516,324780,0.0,1.5940963,0.36561304330825806,0.011134558,0.045028593,0.045028593
671.6,316.66498,2,2196.0125482833478,934,1162.3664920330048,325891,0.0,1.5986376,0.5912885069847107,0.0105092265,0.043848217,0.043848217
681.8,321.51044,1,2230.0344859675156,935,1165.8417692184448,326834,0.0,1.5928237,0.8997850269079208,0.011231031,0.061683435,0.061683435
700.25,328.60492,1,2286.806676607473,936,1169.355361700058,327834,0.0,1.5554798,-0.028762102127075195,0.013741314,0.04899139,0.04899139
690.45,325.25214,1,2257.4005310917296,937,1172.7417650222778,328442,0.0,1.5633895,0.9533721096813679,0.011772423,0.06495489,0.06495489
699.975,329.44904,1,2288.976433462522,938,1176.205355167389,329334,0.0,1.5731546,0.9677097573876381,0.010913364,0.0613257,0.0613257
702.35,329.2138,3,2294.157240090728,941,1181.0417771339417,330778,0.0,1.5912945,0.7735724896192551,0.01045233,0.048054203,0.048054203
678.15,317.2053,2,2212.935315163803,943,1184.5407733917236,331370,0.0,1.5898739,0.9770833421498537,0.010151946,0.061950505,0.061950505
689.475,322.264,1,2251.0276889424986,944,1188.1071336269379,332291,0.0,1.6133385,0.9625735059380531,0.011366209,0.07933685,0.07933685
686.075,320.54272,2,2238.5655564800422,946,1191.5098638534546,333284,0.0,1.630371,0.9878124035894871,0.010449966,0.07363582,0.07363582
669.6,312.72888,2,2185.0292296372254,948,1195.8820631504059,334285,0.0,1.5975692,0.9864883124828339,0.011401164,0.06218899,0.06218899
661.525,310.8742,2,2161.821541869182,950,1200.2415838241577,335379,0.0,1.6164666,0.9429149851202965,0.010985075,0.057668474,0.057668474
651.35,306.55164,2,2127.911004538125,952,1203.830190896988,336239,0.0,1.6169596,0.9866790268570185,0.011650946,0.06462927,0.06462927
628.825,296.51553,3,2053.986815352035,955,1207.4931433200836,337354,0.0,1.6149101,0.8240697979927063,0.011809841,0.05962368,0.05962368
639.0,302.7555,2,2091.200207928848,957,1212.2445468902588,338625,0.0,1.5970918,0.9595499187707901,0.010134231,0.061561376,0.061561376
633.625,300.3899,2,2073.90209521641,959,1216.8069608211517,339546,0.0,1.6032419,0.9863293161615729,0.0114628095,0.065890275,0.065890275
584.425,278.23495,3,1913.3502144358376,962,1221.7700309753418,340576,0.0,1.5923872,0.9661766886711121,0.010224982,0.06907882,0.06907882
563.775,268.47406,2,1846.4167670806462,964,1226.7795011997223,341438,0.0,1.5779687,0.9816322959959507,0.011346795,0.05784509,0.05784509
572.875,271.66928,1,1873.141469621782,965,1230.835144519806,342438,0.0,1.5567626,-0.15315306186676025,0.010687014,0.039690718,0.039690718
578.225,273.20758,1,1887.8780161566633,966,1235.1094336509705,343438,0.0,1.5578042,0.017463207244873047,0.0103161,0.037645005,0.037645005
591.225,279.70294,1,1929.899270274817,967,1238.689317703247,344253,0.0,1.5551263,0.9436705037951469,0.01050167,0.07292459,0.07292459
577.575,273.86035,2,1884.4146050350623,969,1243.2097373008728,345511,0.0,1.5570489,0.6316051185131073,0.010931626,0.045795277,0.045795277
570.15,271.49066,1,1863.4974651427042,970,1247.9477071762085,346155,0.0,1.5538787,0.9844177002087235,0.010341857,0.057252258,0.057252258
584.375,277.85742,1,1906.625572064018,971,1253.2913513183594,347155,0.0,1.5622863,0.012743592262268066,0.010036074,0.04937315,0.04937315
584.375,278.44962,1,1906.0784658730595,972,1256.8859069347382,348155,0.0,1.5409689,0.125075101852417,0.010962369,0.046810165,0.046810165
584.375,279.00253,1,1906.5905202244212,973,1260.9526209831238,349155,0.0,1.5247648,0.09739691019058228,0.011936777,0.044001132,0.044001132
606.6,289.96674,1,1980.5848969993683,974,1265.138100385666,350155,0.0,1.5550653,0.7908718883991241,0.010881741,0.053076457,0.053076457
558.95,268.37387,3,1824.7599198124276,977,1268.9160215854645,350800,0.0,1.5391695,0.7987597435712814,0.011049372,0.058016904,0.058016904
552.425,266.74017,2,1804.7319596085697,979,1272.7607605457306,352431,0.0,1.5399618,0.9721893463283777,0.009631949,0.055301517,0.055301517
572.675,276.42935,1,1871.1321436577123,980,1276.5052607059479,353431,0.0,1.5133055,0.05696827173233032,0.013730936,0.03992427,0.03992427
584.625,282.2338,1,1910.8317135093052,981,1279.8071517944336,354163,0.0,1.4960634,0.959218218922615,0.011379648,0.066870615,0.066870615
602.175,290.16913,1,1964.8795448174733,982,1283.6488406658173,355163,0.0,1.4794415,0.1336740255355835,0.010851886,0.049715742,0.049715742
607.1,292.32376,2,1977.6336764743028,984,1286.919183731079,356575,0.0,1.4667803,0.6984289288520813,0.010930107,0.050732348,0.050732348
612.25,293.82443,1,1990.5580930756332,985,1290.1609535217285,357272,0.0,1.4591562,0.08350670337677002,0.012998621,0.058061108,0.058061108
611.3,293.3134,1,1986.9584369691415,986,1293.4167304039001,357736,0.0,1.4506489,0.8551711142063141,0.010776086,0.067885235,0.067885235
630.3,301.42798,1,2046.0075034061963,987,1296.674833059311,358736,0.0,1.4581299,0.08308058977127075,0.010601028,0.043268856,0.043268856
621.275,295.27982,2,2008.814088312821,989,1300.4085266590118,359800,0.0,1.4555973,0.20691847801208496,0.011900787,0.05691293,0.05691293
650.0,305.72443,2,2097.443658409846,991,1303.7172720432281,361800,0.0,1.4960023,0.03709310293197632,0.010467498,0.04469259,0.04469259
664.025,310.70734,1,2140.6286177917523,992,1307.8186831474304,362800,0.0,1.5025443,0.012788712978363037,0.010377724,0.045701012,0.045701012
668.5,311.74463,1,2152.376888011455,993,1311.5668468475342,363800,0.0,1.5186415,-0.0053975582122802734,0.011610271,0.051615823,0.051615823
688.55,320.806,1,2216.940546506447,994,1315.0683765411377,364664,0.0,1.5444993,0.6646965444087982,0.0115067065,0.056440357,0.056440357
703.6,328.3287,1,2267.4531633624574,995,1318.8840878009796,365498,0.0,1.5524303,0.9649067334830761,0.01190513,0.070314035,0.070314035
701.075,326.73706,1,2257.654028679583,996,1323.815758228302,366354,0.0,1.5269519,0.9570900723338127,0.0121479705,0.07991013,0.07991013
718.225,333.69186,1,2311.106217751786,997,1328.5127112865448,367354,0.0,1.550625,0.03548562526702881,0.010303386,0.04351127,0.04351127
721.0,333.3566,2,2315.025458290641,999,1333.0533742904663,368386,0.0,1.5443561,0.4100497364997864,0.013330473,0.0656418,0.0656418
729.75,336.87665,2,2340.207762131992,1001,1338.9803624153137,369528,0.0,1.5375775,0.6100226640701294,0.012264028,0.05743441,0.05743441
748.8,344.6354,1,2401.181753325673,1002,1343.0350120067596,370528,0.0,1.5514835,-0.05733287334442139,0.014719946,0.04367464,0.04367464
766.125,351.78174,1,2455.726319813649,1003,1347.2050268650055,371528,0.0,1.5529174,-0.00477910041809082,0.01000686,0.04211545,0.04211545
777.25,356.26605,1,2489.425582470046,1004,1351.362640619278,372528,0.0,1.555729,0.0920790433883667,0.011721811,0.0441185,0.0441185
763.15,350.8794,1,2445.0131252623,1005,1354.945455789566,372964,0.0,1.5631105,0.9886241927742958,0.01075715,0.05701764,0.05701764
763.15,352.0007,1,2448.9534402129802,1006,1359.0652434825897,373964,0.0,1.5943558,0.8444245457649231,0.012132406,0.059749223,0.059749223
767.775,353.76163,1,2464.171154659211,1007,1363.3354842662811,374964,0.0,1.5373429,0.25455719232559204,0.010517487,0.04913201,0.04913201
766.2,354.45743,2,2461.4896154439657,1009,1366.6432547569275,376159,0.0,1.5563968,0.9453760273754597,0.010803791,0.052281976,0.052281976
755.9,350.3011,2,2429.5250301761844,1011,1369.998182296753,377391,0.0,1.5879257,0.978547828271985,0.010754144,0.079137854,0.079137854
733.025,341.28857,2,2358.461775801586,1013,1373.388056755066,378476,0.0,1.5686644,0.9572871848940849,0.01140668,0.08245337,0.08245337
724.6,338.37793,3,2332.1206701227993,1016,1377.1064467430115,379446,0.0,1.5458057,0.8458443582057953,0.013010029,0.06281364,0.06281364
707.125,332.08676,3,2272.96484723186,1019,1382.7758724689484,380716,0.0,1.5631361,0.9826347753405571,0.011571945,0.06626088,0.06626088
707.05,333.4465,1,2276.142046967595,1020,1388.0005793571472,381713,0.0,1.523777,0.9765738137066364,0.011069776,0.062511526,0.062511526
684.4,323.64398,2,2204.3907483867306,1022,1391.936350107193,382539,0.0,1.4685007,0.9819470066577196,0.0119943395,0.06725335,0.06725335
681.525,324.50854,2,2198.7153364871783,1024,1395.5175800323486,383836,0.0,1.442506,0.9891375740990043,0.010967293,0.06545232,0.06545232
690.625,330.3558,2,2232.599143966186,1026,1399.004086971283,385361,0.0,1.4223477,0.6549468040466309,0.010209164,0.041727927,0.041727927
690.625,331.38788,1,2235.111543785253,1027,1403.896327495575,386361,0.0,1.4066722,0.1390274167060852,0.012635022,0.040942214,0.040942214
697.925,337.70773,2,2264.3574783730282,1029,1408.5326116085052,387717,0.0,1.3986818,0.9934443510137498,0.010643064,0.06112782,0.06112782
687.45,335.11526,1,2233.5903119629806,1030,1412.0824151039124,388298,0.0,1.3979534,0.9915027758106589,0.010778628,0.0570132,0.0570132
642.275,318.32626,3,2090.9799698364495,1033,1416.6707196235657,389491,0.0,1.424403,0.9897133614867926,0.011138866,0.05580333,0.05580333
633.65,315.98145,1,2065.967108153726,1034,1421.5958459377289,390010,0.0,1.3962904,0.981673015281558,0.010610953,0.055618558,0.055618558
609.7,304.81577,2,1984.3481977056756,1036,1426.1303324699402,390742,0.0,1.4028114,0.7732532918453217,0.011560738,0.06438917,0.06438917
599.9,301.93903,1,1954.9481407989829,1037,1430.1942625045776,391350,0.0,1.4080698,0.9791807439178228,0.010705167,0.083903894,0.083903894
606.375,307.51343,2,1981.5913846338067,1039,1434.2780103683472,392641,0.0,1.3756204,0.9896804988384247,0.011002038,0.06553261,0.06553261
605.975,308.1789,2,1981.5764527905667,1041,1438.6763973236084,393767,0.0,1.3688356,0.7126187086105347,0.0047583766,0.032118592,0.032118592
588.15,300.36615,1,1921.527495661967,1042,1442.5341200828552,394054,0.0,1.3799756,0.3250325322151184,0.0115082655,0.06404212,0.06404212
588.15,301.58896,1,1921.7242452495498,1043,1446.721978187561,395054,0.0,1.3599908,0.13838154077529907,0.011289732,0.049150866,0.049150866
581.875,300.54852,1,1904.1152810510878,1044,1450.8877563476562,395803,0.0,1.3997349,0.9824675004929304,0.011082638,0.06096814,0.06096814
595.975,307.57315,1,1950.8918687026537,1045,1454.4697246551514,396803,0.0,1.3910869,0.9275113344192505,0.012428548,0.06904437,0.06904437
588.175,304.15887,1,1923.8621152789142,1046,1459.2318155765533,397491,0.0,1.3947905,0.9071705341339111,0.010674223,0.06283738,0.06283738
582.325,302.3062,1,1905.5086270184984,1047,1463.3781185150146,398257,0.0,1.3805195,0.974979480728507,0.01116975,0.074135266,0.074135266
576.825,299.6122,1,1888.6074916358834,1048,1467.451194524765,398563,0.0,1.396562,0.9816351141780615,0.011023253,0.059468057,0.059468057
585.1,302.73346,1,1912.6252456872007,1049,1471.0629456043243,399563,0.0,1.4009453,0.21256953477859497,0.011307362,0.049620442,0.049620442
569.525,293.84946,2,1857.2618109860327,1051,1474.613180398941,400172,0.0,1.3996693,0.6952908337116241,0.012608768,0.064638846,0.064638846
563.075,290.64093,1,1835.5299994585025,1052,1478.108764410019,400629,0.0,1.4322205,0.9485202766954899,0.010287309,0.0646994,0.0646994
578.825,297.5585,1,1885.4449133801463,1053,1481.9643905162811,401629,0.0,1.423101,0.10206359624862671,0.0037588084,0.02743048,0.02743048
592.425,304.05988,1,1930.7364387650985,1054,1486.110904932022,402629,0.0,1.4248157,0.1356213092803955,0.0045523345,0.033054832,0.033054832
601.2,307.98157,1,1959.0493401796462,1055,1490.869559764862,403461,0.0,1.4387044,0.9701064210385084,0.01369412,0.07037524,0.07037524
625.375,319.52347,1,2037.8980817937475,1056,1495.0335450172424,404461,0.0,1.4509114,0.3861228823661804,0.011168089,0.047310572,0.047310572
637.85,325.18292,1,2078.259982448829,1057,1498.6583659648895,405461,0.0,1.4817199,0.10938674211502075,0.012618324,0.044439375,0.044439375
646.375,329.23212,1,2107.439303282321,1058,1503.1212606430054,406233,0.0,1.4538282,0.9775975551456213,0.0106482655,0.057576686,0.057576686
645.6,328.31924,1,2104.111249044301,1059,1507.4183776378632,406540,0.0,1.4422458,0.9765115231275558,0.011782074,0.06453936,0.06453936
645.05,327.61203,2,2100.8005798081135,1061,1511.1142523288727,407908,0.0,1.431245,0.7151471674442291,0.0110633895,0.053224593,0.053224593
640.85,324.85425,2,2085.6441154517925,1063,1515.3071575164795,409041,0.0,1.4017488,0.9822413604706526,0.010447588,0.054310724,0.054310724
628.975,319.27032,2,2047.804672862924,1065,1519.0556712150574,409995,0.0,1.3902421,0.9817158374935389,0.010655115,0.054039903,0.054039903
626.4,317.96817,2,2039.1173682003955,1067,1523.3919205665588,411417,0.0,1.3908387,0.7351255714893341,0.01188736,0.040765405,0.040765405
616.625,313.34067,1,2007.3719391889379,1068,1527.9294879436493,411801,0.0,1.3953694,0.9757748227566481,0.011606337,0.05657489,0.05657489
624.55,316.336,1,2031.5478260837633,1069,1531.717012643814,412699,0.0,1.3841859,0.23377513885498047,0.011444595,0.06541055,0.06541055
635.025,320.4235,1,2063.2005457358914,1070,1536.7877020835876,413699,0.0,1.3729693,0.20880091190338135,0.010681141,0.03535765,0.03535765
638.275,322.24887,1,2074.009032008986,1071,1541.4669153690338,414291,0.0,1.4042956,0.9706403426826,0.012205856,0.07949047,0.07949047
652.4,328.88745,1,2119.1349412220334,1072,1545.8979969024658,415291,0.0,1.4167937,0.2568184733390808,0.011456786,0.04223948,0.04223948
656.75,329.99274,2,2132.2981406545964,1074,1553.4621772766113,416280,0.0,1.3859458,0.9745327606797218,0.010944875,0.06357628,0.06357628
648.5,325.26056,3,2104.6690284340684,1077,1558.573266029358,417290,0.0,1.3675078,0.8361570537090302,0.011530861,0.064805746,0.064805746
653.45,326.72504,1,2118.4630109914583,1078,1562.2742910385132,418290,0.0,1.3960823,0.3052738308906555,0.010791854,0.04347078,0.04347078
657.9,328.40662,1,2133.049075066772,1079,1567.3882312774658,418957,0.0,1.442429,0.9643924459815025,0.010902345,0.05328642,0.05328642
619.625,309.87924,4,2009.477471008892,1083,1572.2348935604095,419839,0.0,1.453597,0.6095561981201172,0.0108729135,0.063215666,0.063215666
620.225,309.541,1,2011.6515193711862,1084,1576.940526008606,420612,0.0,1.4371656,0.9507731087505817,0.0119863525,0.0657693,0.0657693
589.175,292.40732,3,1904.4153364966307,1087,1582.1504850387573,421824,0.0,1.4377189,0.9196793660521507,0.010403931,0.06307101,0.06307101
570.05,284.04425,4,1844.295886302014,1091,1585.5749666690826,422974,0.0,1.4388999,0.8776336312294006,0.013492857,0.05996186,0.05996186
583.625,290.51874,1,1887.7369999505972,1092,1588.871337890625,423974,0.0,1.4377542,0.23727071285247803,0.011274219,0.034086756,0.034086756
580.475,290.10345,1,1881.3837449354112,1093,1592.245404958725,424848,0.0,1.4633014,0.978649128228426,0.010683415,0.05360387,0.05360387
567.25,284.1988,1,1839.3237650263231,1094,1596.543288230896,425319,0.0,1.4644419,0.9748918600380421,0.010812657,0.064731956,0.064731956
528.35,265.8305,3,1714.1599492705295,1097,1600.7680292129517,426595,0.0,1.4632467,0.9735805429518223,0.011315417,0.07211705,0.07211705
503.325,252.12015,3,1627.8367102326986,1100,1604.3198392391205,427673,0.0,1.4652354,0.9459291063249111,0.01360611,0.06122823,0.06122823
519.125,259.01788,1,1676.2840624491062,1101,1608.5775213241577,428673,0.0,1.4524218,0.08446145057678223,0.011965677,0.054478787,0.054478787
530.0,263.59732,1,1710.201239297996,1102,1612.1638040542603,429673,0.0,1.4575206,0.08519738912582397,0.010817012,0.036800116,0.036800116
538.55,266.97388,1,1736.5022996881053,1103,1616.2197139263153,430583,0.0,1.4158739,0.11184710264205933,0.010394696,0.056540012,0.056540012
534.575,264.71548,1,1723.0830341275487,1104,1619.8317861557007,430944,0.0,1.4021138,0.9295621737837791,0.010777728,0.08755097,0.08755097
524.275,259.13696,2,1690.5358697914694,1106,1623.5481419563293,431966,0.0,1.3997494,0.9832897670567036,0.011153234,0.06188011,0.06188011
519.25,254.56161,3,1671.3414806853093,1109,1628.2999639511108,433469,0.0,1.4282521,0.7913518399000168,0.010593969,0.058601573,0.058601573
519.25,254.35999,1,1671.078184482592,1110,1631.8494760990143,434469,0.0,1.4218696,0.17843979597091675,0.0038101897,0.021678498,0.021678498
519.525,254.29199,1,1671.5581728751743,1111,1636.1685953140259,435072,0.0,1.3858327,0.9709537904709578,0.010672761,0.057760768,0.057760768
507.375,247.61182,1,1631.012441936738,1112,1640.996463060379,435586,0.0,1.3844298,0.9715726189315319,0.011268891,0.05337338,0.05337338
526.95,256.8802,1,1694.3932988606764,1113,1644.620109796524,436586,0.0,1.4066302,0.08474469184875488,0.011592096,0.037994836,0.037994836
532.65,258.566,1,1710.4079199132989,1114,1649.1266920566559,437586,0.0,1.371643,0.11873561143875122,0.010613107,0.04528284,0.04528284
548.55,265.66483,1,1760.2844693047955,1115,1653.1066830158234,438586,0.0,1.3500869,0.018261432647705078,0.011906678,0.049881622,0.049881622
568.475,274.77036,2,1824.9803032032055,1117,1657.0348153114319,440029,0.0,1.3725847,0.7128456830978394,0.0110345185,0.042965956,0.042965956
568.475,274.73315,1,1824.4681121281435,1118,1661.43048453331,441029,0.0,1.3632004,0.8575076013803482,0.009763907,0.049141623,0.049141623
576.8,277.9864,1,1848.921407015562,1119,1665.6436138153076,442029,0.0,1.3922478,0.14553767442703247,0.011799824,0.037649073,0.037649073
614.75,295.091,2,1972.3436823804118,1121,1668.9632380008698,444029,0.0,1.3755202,0.06325238943099976,0.011955389,0.04555603,0.04555603
630.5,300.59515,1,2020.4892597609455,1122,1672.2957849502563,445029,0.0,1.3815473,0.16020697355270386,0.010738052,0.04037729,0.04037729
654.75,311.49673,1,2099.8272503609332,1123,1676.2038521766663,446029,0.0,1.344646,0.13412362337112427,0.011097379,0.053496685,0.053496685
660.425,312.74332,1,2115.118844321659,1124,1679.5094764232635,447029,0.0,1.3715043,0.147119402885437,0.011206334,0.04227184,0.04227184
671.45,316.91324,1,2149.5109540829653,1125,1682.83926320076,448029,0.0,1.3644049,0.11832678318023682,0.011111811,0.04274358,0.04274358
691.275,325.80292,1,2216.4409655412846,1126,1686.1248304843903,449029,0.0,1.3400255,0.031998395919799805,0.012177894,0.051002003,0.051002003
700.625,327.4113,2,2241.949260625635,1128,1689.3970024585724,450284,0.0,1.3505502,0.685800164937973,0.010812307,0.052149303,0.052149303
723.9,338.61078,3,2323.0921001361394,1131,1693.4456107616425,451930,0.0,1.354792,0.9595105201005936,0.011186332,0.07270408,0.07270408
723.9,337.11884,1,2323.207280549351,1132,1696.7878601551056,452930,0.0,1.3313916,0.22857177257537842,0.010600914,0.04191508,0.04191508
727.05,336.04694,1,2329.2626944401773,1133,1700.3264026641846,453930,0.0,1.367462,0.07131212949752808,0.012133307,0.04403852,0.04403852
739.575,339.708,2,2368.4581662743017,1135,1703.8435583114624,455472,0.0,1.3670391,0.5890902280807495,0.0038036092,0.022748869,0.022748869
756.225,345.5385,1,2420.9752450728433,1136,1708.018898487091,456472,0.0,1.3599187,0.13510185480117798,0.012182234,0.046996772,0.046996772
755.55,345.18954,1,2419.696215350626,1137,1713.2603268623352,456817,0.0,1.360112,0.9600188732147217,0.011139165,0.065241136,0.065241136
772.25,353.10287,2,2477.097546712449,1139,1716.7625894546509,458091,0.0,1.3422042,0.22749656438827515,0.009587608,0.048895642,0.048895642
785.45,357.49103,1,2518.2857943018917,1140,1720.270266532898,459091,0.0,1.3385607,0.014702796936035156,0.012567083,0.04268235,0.04268235
755.875,344.42142,2,2426.6618574327013,1142,1724.0931601524353,459908,0.0,1.347701,0.9742962904274464,0.010786145,0.062443137,0.062443137
750.25,341.9533,1,2410.638576909883,1143,1727.8465266227722,460593,0.0,1.3539289,0.9532517455518246,0.012216093,0.055499494,0.055499494
751.975,342.72638,2,2417.1171856669735,1145,1732.2275614738464,461604,0.0,1.3617599,0.9871118329465389,0.011369482,0.062359445,0.062359445
753.925,344.44415,2,2429.257946915607,1147,1737.0686945915222,463123,0.0,1.3790127,0.9764088615775108,0.011495402,0.05822874,0.05822874
762.525,349.23993,1,2459.238635049801,1148,1740.5903947353363,463759,0.0,1.3998095,0.9863048233091831,0.010854254,0.052870974,0.052870974
771.7,353.58984,2,2491.3067825195717,1150,1744.2871112823486,465337,0.0,1.431081,0.5749583542346954,0.011801098,0.03562472,0.03562472
773.0,354.06915,1,2497.0805312785715,1151,1748.2485387325287,465992,0.0,1.4410414,0.9805056676268578,0.010879499,0.055152025,0.055152025
773.475,355.11945,1,2501.1802054271943,1152,1753.4302265644073,466525,0.0,1.4388162,0.9801757708191872,0.01104461,0.062494792,0.062494792
740.525,340.18204,2,2394.953390776852,1154,1757.1422259807587,467207,0.0,1.4709941,0.9340760335326195,0.010123841,0.04925727,0.04925727
713.075,327.95383,2,2308.533133439864,1156,1760.7523448467255,468109,0.0,1.4723092,0.9794410020112991,0.012201485,0.055634946,0.055634946
697.9,322.28818,2,2261.9573230036012,1158,1764.003760099411,468945,0.0,1.480667,0.9800809603184462,0.011000527,0.061756663,0.061756663
647.025,301.4892,3,2101.7487812158315,1161,1767.2980971336365,469910,0.0,1.4953299,0.972889544442296,0.014302755,0.062211722,0.062211722
608.575,286.97388,3,1986.0125334913962,1164,1771.2428979873657,471372,0.0,1.5058186,0.9859860865399241,0.010697396,0.06297095,0.06297095
583.85,278.64032,2,1912.4529854955363,1166,1774.4596185684204,472383,0.0,1.526611,0.9865588257089257,0.010544393,0.063129604,0.063129604
580.55,278.1421,2,1905.2938251213977,1168,1777.7158794403076,473506,0.0,1.5470135,0.9469699487090111,0.010756739,0.056859173,0.056859173
579.175,277.05252,3,1899.3063560862436,1171,1780.9842443466187,475097,0.0,1.5462338,0.7895039319992065,0.010662392,0.05637804,0.05637804
556.925,269.86887,2,1831.4956505466878,1173,1784.2323906421661,476207,0.0,1.5563849,0.9881880590692163,0.010574212,0.061459653,0.061459653
554.55,270.55707,1,1826.147800672085,1174,1788.1481897830963,477112,0.0,1.5352279,0.9886138765141368,0.014773334,0.07111708,0.07111708
538.925,265.1259,2,1778.5566657997601,1176,1791.364643573761,478029,0.0,1.5260965,0.9856700925156474,0.010783909,0.055183515,0.055183515
554.175,272.11432,1,1829.3557919082607,1177,1794.6405143737793,478984,0.0,1.5220807,0.988612461835146,0.010865185,0.059818882,0.059818882
550.2,271.87494,2,1819.7755811865907,1179,1797.9351243972778,480099,0.0,1.5288395,0.9833059012889862,0.01209948,0.05927898,0.05927898
550.2,272.37936,1,1819.826745365881,1180,1801.2624084949493,481099,0.0,1.5205244,0.6720675826072693,0.011744851,0.054320686,0.054320686
554.45,273.2644,1,1832.6153608855595,1181,1806.2951142787933,481540,0.0,1.5364637,0.9885016279295087,0.010609185,0.060768872,0.060768872
565.8,277.26495,1,1865.8352631447626,1182,1811.0010533332825,482540,0.0,1.5365105,0.09701818227767944,0.011197956,0.03403043,0.03403043
573.675,279.7087,1,1888.4525877875458,1183,1815.672572851181,483540,0.0,1.515778,0.12334787845611572,0.010835432,0.034595095,0.034595095
581.1,283.39423,2,1914.619694057911,1185,1820.1513950824738,484848,0.0,1.5132341,0.981507608667016,0.011229852,0.060059704,0.060059704
586.125,284.79886,1,1927.2650240703908,1186,1823.8659768104553,485848,0.0,1.4895029,0.10969215631484985,0.011305373,0.0350347,0.0350347
563.725,272.71667,3,1844.8199207642406,1189,1828.4355990886688,487308,0.0,1.4973615,0.8375237435102463,0.014552291,0.05313485,0.05313485
570.675,273.09747,2,1862.0694247354622,1191,1832.7850351333618,488819,0.0,1.4955596,0.6438315510749817,0.011387754,0.051759023,0.051759023
582.35,276.93503,1,1897.963266748561,1192,1836.9193193912506,489819,0.0,1.498723,0.10019141435623169,0.011979461,0.040785756,0.040785756
583.6,276.32837,2,1901.4162601616179,1194,1840.3883588314056,490551,0.0,1.5042257,0.7100480794906616,0.011571997,0.042758726,0.042758726
595.875,279.93304,2,1938.5928519406393,1196,1844.1156220436096,491944,0.0,1.5113935,0.6963618993759155,0.010985569,0.0536814,0.0536814
608.875,282.13135,3,1976.614364425106,1199,1848.468448638916,493520,0.0,1.5037547,0.7635344117879868,0.010702227,0.052700132,0.052700132
627.15,289.1242,1,2035.762832332432,1200,1852.2207622528076,494520,0.0,1.5233297,0.06484246253967285,0.0107394885,0.038093265,0.038093265
640.25,293.4875,1,2075.82299664437,1201,1856.5603911876678,495520,0.0,1.5065764,0.13707959651947021,0.010613408,0.03896265,0.03896265
645.15,293.39713,1,2086.707067641811,1202,1860.5322859287262,496520,0.0,1.5025988,0.08480614423751831,0.010124993,0.03976074,0.03976074
663.25,299.02042,2,2137.965376752613,1204,1865.0988314151764,497902,0.0,1.5466498,0.35452455282211304,0.011482054,0.052295536,0.052295536
675.275,302.32812,1,2173.388918926222,1205,1869.6067538261414,498902,0.0,1.5099485,0.15215861797332764,0.010045475,0.031701837,0.031701837
687.975,305.8452,1,2210.5693968008163,1206,1873.0814259052277,499902,0.0,1.5381154,-0.05476713180541992,0.01091738,0.03827689,0.03827689
698.225,308.74533,1,2240.0680957030877,1207,1876.7272295951843,500902,0.0,1.5199633,-0.15539038181304932,0.012085333,0.054394424,0.054394424
709.9,312.93085,1,2275.11575369819,1208,1880.1842105388641,501902,0.0,1.5090073,0.06579208374023438,0.01221512,0.03533208,0.03533208
709.9,311.6561,1,2273.5255013798946,1209,1884.1576957702637,502902,0.0,1.4966533,0.11792844533920288,0.011914277,0.036853105,0.036853105
724.675,317.16772,1,2318.9889748374194,1210,1889.5009779930115,503902,0.0,1.545869,0.17074239253997803,0.011282048,0.032654643,0.032654643
726.85,318.53555,1,2325.6556916954737,1211,1893.9315767288208,504171,0.0,1.5678595,0.9656114466488361,0.011506297,0.09293632,0.09293632
735.225,319.82474,2,2347.70921410827,1213,1899.947834968567,505616,0.0,1.5721091,0.509208619594574,0.010141489,0.044807512,0.044807512
737.6,318.07748,1,2349.872178246719,1214,1907.2957298755646,506616,0.0,1.5660105,-0.043573737144470215,0.011417162,0.037270725,0.037270725
755.05,324.1134,1,2403.1169649906115,1215,1912.3206882476807,507616,0.0,1.5704794,0.0733567476272583,0.011708144,0.03475277,0.03475277
764.675,326.3047,1,2430.933399927703,1216,1916.6535217761993,508616,0.0,1.5715933,0.07070332765579224,0.0109696705,0.037898693,0.037898693
743.075,316.32465,3,2356.730601305997,1219,1920.0786266326904,509822,0.0,1.5766556,0.9206088185310364,0.011894789,0.06435053,0.06435053
743.075,314.8316,1,2355.928712503939,1220,1923.49138712883,510822,0.0,1.5762784,0.11145585775375366,0.011121942,0.032291517,0.032291517
739.6,313.6673,2,2346.114404926091,1222,1926.9159789085388,512124,0.0,1.628953,0.5246727466583252,0.0109035615,0.04049616,0.04049616
739.6,313.05786,1,2346.1527484767184,1223,1931.1124079227448,513124,0.0,1.6086004,0.12213277816772461,0.01009372,0.031260133,0.031260133
745.175,312.91055,1,2359.766231923495,1224,1935.6890127658844,514124,0.0,1.6534272,-0.1535578966140747,0.010337536,0.046891175,0.046891175
756.9,316.2437,1,2395.6210859365924,1225,1940.6335821151733,515124,0.0,1.6445608,0.039500415325164795,0.0110328635,0.0312821,0.0312821
756.9,315.4016,1,2396.0935397179055,1226,1945.1110446453094,516124,0.0,1.6479913,0.090068519115448,0.010257094,0.03774696,0.03774696
756.9,314.53564,1,2395.910569582285,1227,1949.4087872505188,517124,0.0,1.6606858,0.09744024276733398,0.010606676,0.031119177,0.031119177
775.0,321.8576,1,2456.9673030123595,1228,1954.340618133545,518068,0.0,1.6441696,0.2987745404243469,0.013907824,0.05779417,0.05779417
794.0,328.88998,1,2519.962625068689,1229,1960.204922914505,519068,0.0,1.6565104,0.09174180030822754,0.011563795,0.03645622,0.03645622
794.0,328.7793,1,2521.8607336475397,1230,1965.3473024368286,520068,0.0,1.6587634,0.17628252506256104,0.010832593,0.03952582,0.03952582
782.775,324.0573,2,2485.140592833728,1232,1969.9447619915009,521130,0.0,1.6653736,0.5886718332767487,0.0092924405,0.04830753,0.04830753
791.0,326.28912,2,2510.5425599262776,1234,1975.3979794979095,522191,0.0,1.7042202,0.29324662685394287,0.011699792,0.058676373,0.058676373
791.0,325.70627,1,2511.2832576940573,1235,1979.4866335391998,523191,0.0,1.6912113,0.14492297172546387,0.012238275,0.04511962,0.04511962
779.95,323.7815,2,2479.331322530499,1237,1984.6388516426086,524142,0.0,1.7099643,0.9179335907101631,0.01168639,0.07513217,0.07513217
786.225,325.47278,1,2497.5133193125534,1238,1988.9195835590363,524680,0.0,1.7022855,0.16624796390533447,0.010572924,0.05296846,0.05296846
792.675,329.23996,1,2521.4800379814546,1239,1992.8371019363403,525227,0.0,1.7137188,0.9366726726293564,0.011286644,0.07086806,0.07086806
792.675,328.81906,1,2522.799443672665,1240,1998.2356173992157,526227,0.0,1.693958,0.06642240285873413,0.011390343,0.039544478,0.039544478
757.1,318.30414,3,2419.1076492903785,1243,2002.1665213108063,527804,0.0,1.7037351,0.968680027872324,0.011134433,0.06484456,0.06484456
772.55,324.87128,1,2472.0939340465256,1244,2007.0531663894653,528804,0.0,1.7171137,0.05967289209365845,0.011303421,0.04309346,0.04309346
726.2,310.386,3,2332.1063356789523,1247,2011.2130544185638,529950,0.0,1.722363,0.9751306846737862,0.010853517,0.06347309,0.06347309
726.2,310.52325,1,2334.953725712495,1248,2015.4102427959442,530950,0.0,1.6855432,0.076973557472229,0.011255446,0.034380235,0.034380235
726.2,310.49832,1,2336.919379733145,1249,2020.6609101295471,531950,0.0,1.6838683,0.04545927047729492,0.009978951,0.04444786,0.04444786
728.05,311.37164,2,2346.7196852207417,1251,2025.6387145519257,533293,0.0,1.6857792,0.49637025594711304,0.012456778,0.039116308,0.039116308
705.475,304.51935,3,2280.971099769032,1254,2030.4143629074097,534835,0.0,1.710419,0.6871435046195984,0.011366038,0.045846608,0.045846608
653.075,286.6463,4,2114.049770018549,1258,2033.909918308258,535585,0.0,1.7017672,0.9778631832450628,0.011347189,0.06876587,0.06876587
650.35,286.67255,2,2109.0384508255465,1260,2037.6274013519287,536836,0.0,1.723744,0.5739022195339203,0.010704774,0.038311273,0.038311273
649.65,286.49976,2,2110.068505691758,1262,2042.425674200058,538110,0.0,1.6997259,0.5922184586524963,0.010545678,0.050821953,0.050821953
567.85,258.51678,4,1850.3282923279016,1266,2046.0763397216797,538838,0.0,1.6821246,0.9467334076762199,0.0112555325,0.062453613,0.062453613
567.85,259.16986,1,1852.8514092075354,1267,2050.250986814499,539838,0.0,1.6957201,0.4129631519317627,0.011992791,0.058362573,0.058362573
494.55,232.98701,5,1617.8110635318506,1272,2054.656226158142,540912,0.0,1.7343434,0.9838329367339611,0.011680473,0.07534918,0.07534918
459.95,223.10698,4,1511.7940371971079,1276,2059.819797039032,541989,0.0,1.7416689,0.9866723567247391,0.011275852,0.07560676,0.07560676
444.35,216.30917,2,1462.1272508791917,1278,2064.776283979416,542454,0.0,1.7401439,0.9789934698492289,0.011344496,0.05284042,0.05284042
422.525,208.03006,3,1392.2052345858033,1281,2068.5115869045258,543932,0.0,1.7191772,0.9919655369594693,0.011459098,0.06936556,0.06936556
399.325,197.85089,3,1315.61390712194,1284,2072.9842381477356,544777,0.0,1.6914518,0.9895064104348421,0.011352968,0.053132012,0.053132012
396.625,195.64604,2,1306.127199901957,1286,2078.5732142925262,545543,0.0,1.6767118,0.9828489702194929,0.009935566,0.05053664,0.05053664
387.65,192.99802,2,1278.810754908355,1288,2085.7850756645203,546456,0.0,1.6911503,0.9696456082165241,0.011051302,0.053234436,0.053234436
359.225,182.87224,2,1187.5054826748706,1290,2093.147617340088,547319,0.0,1.650772,0.9884657086804509,0.011538194,0.055556335,0.055556335
353.35,180.98001,2,1170.8142266498817,1292,2097.526453971863,548427,0.0,1.6312405,0.9837617296725512,0.012129124,0.052242897,0.052242897
364.15,182.52544,3,1203.7502744804347,1295,2102.363174200058,549566,0.0,1.6273348,0.9299123957753181,0.010260279,0.04222029,0.04222029
391.125,192.49884,2,1292.8226279570513,1297,2106.454064846039,551037,0.0,1.6496475,0.9768142718821764,0.010668834,0.04392119,0.04392119
398.825,195.17839,1,1319.7312849745795,1298,2110.372938632965,551538,0.0,1.6474155,0.9828737955540419,0.011351604,0.052356403,0.052356403
398.825,196.74565,1,1319.2875440934154,1299,2114.442617416382,552538,0.0,1.6864613,0.15083956718444824,0.010284377,0.038707927,0.038707927
417.55,203.75204,1,1377.0403817691372,1300,2118.853773832321,553538,0.0,1.7095454,0.03036576509475708,0.011928717,0.03182769,0.03182769
424.95,206.9593,2,1402.5670307417113,1302,2123.4228167533875,555108,0.0,1.7021215,0.985144111327827,0.01180939,0.059581712,0.059581712
457.325,219.28658,2,1510.225288274627,1304,2127.329413175583,556794,0.0,1.7213898,0.9643049836158752,0.011362087,0.052233253,0.052233253
477.15,227.02475,1,1572.9630385949456,1305,2130.8335225582123,557794,0.0,1.7310628,0.2994745373725891,0.010844278,0.038200986,0.038200986
467.375,222.53174,2,1541.174310781357,1307,2134.2892248630524,558533,0.0,1.7373616,0.9718747772276402,0.011195861,0.057910185,0.057910185
490.65,230.79294,2,1613.6833884602852,1309,2138.0158746242523,559861,0.0,1.7333865,0.7461203932762146,0.009637801,0.042662546,0.042662546
511.375,238.43112,2,1677.8536413004526,1311,2142.2854537963867,561157,0.0,1.7356151,0.751523032784462,0.011624293,0.044431396,0.044431396
514.85,238.97873,2,1687.3184068459573,1313,2145.680690050125,561742,0.0,1.7640371,0.9796976502984762,0.0113285035,0.060894705,0.060894705
529.35,244.65811,1,1731.090155903424,1314,2149.105360031128,562742,0.0,1.7423816,0.14788711071014404,0.010572531,0.042960837,0.042960837
549.2,252.58292,1,1793.1369079291758,1315,2152.79247546196,563742,0.0,1.7606815,0.13801252841949463,0.013062215,0.045694195,0.045694195
558.525,256.02148,1,1824.4218137907599,1316,2156.1704404354095,564330,0.0,1.7624818,0.9723704140633345,0.012006737,0.058931988,0.058931988
578.5,263.70087,1,1886.9676661910064,1317,2160.463964700699,565330,0.0,1.7523814,0.14081686735153198,0.012341818,0.042525828,0.042525828
596.9,270.9115,1,1945.0226269341442,1318,2164.0897500514984,566330,0.0,1.7146161,0.11534988880157471,0.004122271,0.023726806,0.023726806
601.225,271.55716,1,1955.0560481266234,1319,2167.869284391403,567330,0.0,1.7066334,0.2909403443336487,0.010256864,0.043923765,0.043923765
616.125,276.7503,1,2000.2441604913317,1320,2171.52360868454,568330,0.0,1.6906425,0.05457586050033569,0.00388888,0.026811289,0.026811289
634.95,283.71063,1,2057.8783520750776,1321,2175.0488755702972,569330,0.0,1.7060231,0.12286567687988281,0.010898382,0.035186477,0.035186477
650.675,288.9466,1,2105.4386393823975,1322,2179.351357936859,570330,0.0,1.6936032,0.0545162558555603,0.011893239,0.045495577,0.045495577
670.325,297.04996,1,2168.986656501556,1323,2182.957327604294,571330,0.0,1.7159427,0.1509566307067871,0.011642415,0.0474676,0.0474676
688.825,303.5627,1,2226.0228243163265,1324,2186.53893327713,572330,0.0,1.7391354,0.11333340406417847,0.010795217,0.04453084,0.04453084
704.55,309.15317,1,2274.828317342593,1325,2190.453024148941,573330,0.0,1.7580152,0.18503397703170776,0.00983032,0.04495074,0.04495074
719.675,314.25674,1,2321.41889400444,1326,2195.037938594818,574330,0.0,1.7486429,0.09349769353866577,0.0116124,0.035715863,0.035715863
727.2,315.33432,1,2341.9076452917193,1327,2199.6321923732758,575330,0.0,1.766267,0.024256348609924316,0.011127697,0.035509072,0.035509072
743.875,321.96246,1,2397.4202501140453,1328,2203.454337120056,576211,0.0,1.7308233,0.9751906357705593,0.011087252,0.0704766,0.0704766
752.8,324.02408,2,2419.2308557699826,1330,2208.1515996456146,577431,0.0,1.7236897,0.6137826442718506,0.012004973,0.051825434,0.051825434
761.4,326.41135,1,2443.146878987444,1331,2212.4010741710663,578431,0.0,1.7114413,0.014103472232818604,0.011090779,0.04786841,0.04786841
775.1,330.82477,1,2485.1200689076804,1332,2216.614117860794,579431,0.0,1.6827991,0.14530247449874878,0.010818332,0.051568124,0.051568124
790.725,336.84604,2,2535.6051673453003,1334,2221.912250995636,580769,0.0,1.6765637,0.6850801110267639,0.011882212,0.05068043,0.05068043
779.875,332.60358,2,2500.333568570616,1336,2225.663333415985,581623,0.0,1.6660146,0.9534003511071205,0.01091825,0.056113258,0.056113258
789.65,335.93463,1,2529.72198023896,1337,2229.8458948135376,582623,0.0,1.6747471,0.17189091444015503,0.010937499,0.04795477,0.04795477
767.95,326.71637,2,2457.697433938914,1339,2233.445441007614,583256,0.0,1.6544799,0.964167270809412,0.011292353,0.07504894,0.07504894
767.95,325.89154,1,2458.5763263458766,1340,2237.164910554886,584256,0.0,1.6355137,0.08358043432235718,0.010831,0.039749093,0.039749093
776.275,328.21167,1,2482.8960879534234,1341,2242.017281293869,585256,0.0,1.6539801,0.07517951726913452,0.011410745,0.043566346,0.043566346
778.7,329.29443,1,2488.921882604699,1342,2246.356819152832,586256,0.0,1.6531383,0.15606462955474854,0.011048556,0.042360436,0.042360436
780.775,329.99966,1,2494.040213931202,1343,2249.9331018924713,587256,0.0,1.6668253,0.44650793075561523,0.011241708,0.037999034,0.037999034
771.85,327.13135,2,2467.5691483649507,1345,2254.7807574272156,588668,0.0,1.6504785,0.7299204766750336,0.010917341,0.04852007,0.04852007
787.6,333.90225,1,2518.7185176417906,1346,2258.2804758548737,589668,0.0,1.6499949,-0.08179545402526855,0.009831809,0.051856168,0.051856168
803.375,340.73544,1,2569.414514696883,1347,2262.324315547943,590668,0.0,1.6690817,0.08635860681533813,0.012216179,0.04549089,0.04549089
802.725,341.15454,2,2571.358548303011,1349,2265.6068692207336,591970,0.0,1.6315461,0.721610814332962,0.011140364,0.04175676,0.04175676
804.5,342.49158,2,2579.6273065734435,1351,2268.872323513031,593337,0.0,1.6339678,0.6526419222354889,0.010745965,0.049465943,0.049465943
821.55,349.5747,1,2636.1765272376824,1352,2272.150684118271,594337,0.0,1.6061662,0.16624969244003296,0.011429293,0.0380112,0.0380112
805.45,343.71783,3,2590.588586685768,1355,2275.413033723831,595960,0.0,1.5838025,0.7879937440156937,0.009291045,0.052425455,0.052425455
795.275,341.28827,2,2561.558286803155,1357,2279.42604970932,597141,0.0,1.5625001,0.9805858675390482,0.010537514,0.056560397,0.056560397
758.05,328.3645,2,2441.0801218986016,1359,2282.682089805603,597652,0.0,1.567735,0.9229386001825333,0.013037531,0.06717992,0.06717992
722.525,318.89484,3,2334.633102834164,1362,2285.965481519699,599231,0.0,1.5536032,0.9098047912120819,0.010749179,0.05510906,0.05510906
722.525,318.04727,1,2335.137278358151,1363,2289.2474875450134,600231,0.0,1.5246228,0.12731611728668213,0.011319645,0.05176705,0.05176705
688.7,307.56848,2,2231.1549392545735,1365,2292.5557210445404,600878,0.0,1.52895,0.9766749497503042,0.010691812,0.057266284,0.057266284
671.9,302.80396,2,2179.896693635566,1367,2296.674389600754,602206,0.0,1.5525007,0.7151949405670166,0.011130089,0.043103926,0.043103926
650.35,298.37155,3,2119.579678556587,1370,2299.9813373088837,603445,0.0,1.5423242,0.9859922649338841,0.011922893,0.070360444,0.070360444
618.1,288.74078,2,2018.7763781331007,1372,2303.2932753562927,604155,0.0,1.5236654,0.9778247382491827,0.013260601,0.06965275,0.06965275
613.9,288.90466,1,2010.5350611214285,1373,2306.6114513874054,604987,0.0,1.5395241,0.982048274949193,0.012950711,0.059991553,0.059991553
630.45,295.31064,1,2065.8101246363963,1374,2309.881096601486,605987,0.0,1.5421294,0.4290437698364258,0.012707273,0.053868335,0.053868335
627.7,294.55997,2,2054.086425134921,1376,2313.9139873981476,606731,0.0,1.5467178,0.8875010013580322,0.0117564965,0.057373315,0.057373315
627.7,294.49237,1,2056.333069278301,1377,2317.1969859600067,607731,0.0,1.5296632,0.3762921690940857,0.012308449,0.046512414,0.046512414
644.4,300.3579,1,2109.7278269045382,1378,2320.426414489746,608731,0.0,1.5109851,-0.0071974992752075195,0.010739119,0.048242904,0.048242904
649.35,302.38834,1,2129.2718508985936,1379,2323.4527308940887,609230,0.0,1.512188,0.9522413089871407,0.011513555,0.07631226,0.07631226
649.35,302.4988,1,2131.057161140106,1380,2326.5103209018707,610230,0.0,1.4999393,-0.0985114574432373,0.01258973,0.044972733,0.044972733
618.5,291.60944,2,2033.822302697516,1382,2330.7389900684357,610996,0.0,1.5203667,0.967461246997118,0.013892397,0.1016412,0.1016412
611.45,289.26752,1,2012.6777445249686,1383,2334.610954284668,611714,0.0,1.5339811,0.9440674670040607,0.012240024,0.06672102,0.06672102
579.325,275.2596,3,1907.6617318669719,1386,2338.617346048355,612841,0.0,1.5189043,0.9824798796325922,0.010652412,0.061766855,0.061766855
