# {"t_start": 1586114295.61758, "env_id": "LunarLanderContinuous-v2"} 
r,l,t
-48.144738,98,2.607795
-161.609681,78,2.695598
-130.402085,56,2.75451
-85.3366,71,2.841618
-76.27781,125,3.005817
46.432019,111,3.732001
-88.970825,63,3.799325
-103.872336,58,3.860734
-269.01642,91,3.966326
-245.070015,93,4.071175
-413.593958,217,4.467032
-149.000184,121,4.600019
-283.831056,114,4.735162
-267.581089,92,4.835932
-153.730227,72,4.904616
-106.531191,110,5.423379
-363.644011,145,5.608882
-144.595786,63,5.666897
-114.949169,60,5.721242
-137.656643,69,5.782943
-279.857835,106,5.966738
-55.59099,69,6.039908
-143.056674,73,6.113266
-131.798888,82,6.203461
-170.939719,127,6.398763
-292.249634,83,6.547669
-79.948348,49,6.622487
-151.172242,91,6.856225
-146.013936,73,6.947329
-48.711211,97,7.092233
-103.54726,83,7.189526
-132.608817,69,7.266585
-113.991917,83,7.371686
-316.972918,98,7.967312
-146.306848,57,8.062679
-213.329835,109,8.329423
-131.365687,71,8.441226
-150.85508,193,8.904873
-170.539315,99,9.030978
-126.136514,54,9.090478
-109.625087,55,9.151778
-104.780955,53,9.206344
-163.43138,137,9.375704
-145.155519,68,9.453833
-126.270384,58,9.613086
-112.837631,54,9.692461
-158.917038,89,9.822962
-147.338971,58,9.90283
-304.8837,101,10.078856
-93.874931,127,10.271354
-435.248576,101,10.767498
-150.151546,64,10.837731
-139.955633,91,10.941278
-348.666243,116,11.079948
-377.094779,101,11.197696
-149.578139,80,11.349251
-389.476264,119,11.49985
-119.689119,55,11.554423
-102.348072,53,11.605254
-114.935655,55,11.655318
-168.133038,64,11.713118
-220.816436,72,11.786288
-130.442464,82,11.934513
-638.08879,101,12.047832
-387.750768,79,12.130594
-116.259305,76,12.201071
-132.181403,73,12.269785
-89.466317,89,12.349001
-277.213927,90,12.741235
-177.410207,58,12.801357
-328.277051,83,12.891788
-397.990531,99,12.996861
-152.865172,63,13.05716
-173.24187,98,13.157617
-110.466175,91,13.32408
-143.015462,54,13.380287
-115.181577,52,13.433726
-96.737596,61,13.49485
-146.517861,53,13.549428
-113.644446,65,13.612657
-138.153311,65,13.676862
-108.553388,53,13.726641
-408.712901,86,13.90719
-135.05649,79,13.978758
-205.971709,63,14.040967
-483.724899,102,14.155698
-193.514176,84,14.237994
-242.115308,81,14.327053
-159.455145,152,14.83827
-419.386881,85,14.935727
-133.869283,78,15.008075
-56.025547,51,15.057397
-540.671677,124,15.194322
-176.60921,80,15.267658
-507.599333,106,15.465399
-136.382739,67,15.528404
-125.41046,53,15.579255
-130.541562,72,15.647006
-134.268877,60,15.702183
-47.170647,62,15.759662
-368.921296,85,15.847048
-470.18813,84,16.010853
-133.005773,60,16.070605
-150.293018,65,16.13034
-201.365403,63,16.198723
-115.249594,65,16.258923
-123.817297,69,16.321081
-339.475382,89,16.415251
-151.584206,67,16.810079
-145.507396,58,16.866408
-463.726805,97,16.980301
-527.841248,101,17.096539
-349.929287,78,17.175789
-466.815553,84,17.26759
-447.63845,81,17.429625
-115.535382,82,17.507803
-122.894852,58,17.563363
-165.621601,55,17.618944
-135.22978,72,17.687091
-138.312275,81,17.760911
-98.71609,81,17.833974
-240.839852,64,17.984604
-111.502047,58,18.041018
-336.581294,70,18.115333
-107.391086,61,18.173702
-119.825894,53,18.225468
-541.499164,96,18.339175
-87.787978,56,18.392622
-361.919473,86,18.822237
-162.330992,59,18.881923
-459.62735,99,19.000219
-444.237398,92,19.104887
-445.098096,80,19.19386
-217.236286,58,19.248713
-150.178792,75,19.315197
-140.472117,69,19.462211
-106.29217,54,19.514205
-334.999322,67,19.585948
-344.189501,74,19.663861
-519.954026,99,19.776854
-119.778682,70,19.843353
-92.758073,53,19.89306
-376.213831,77,20.052994
-153.229823,76,20.124975
-308.58656,68,20.196052
-439.92378,77,20.276858
-134.050281,74,20.34733
-556.007846,102,20.465933
-256.797635,69,20.887699
-88.344897,54,20.938353
-122.031883,65,21.003174
-97.251589,56,21.054945
-201.604888,59,21.116296
-129.513115,67,21.180841
-208.68189,59,21.240148
-120.545286,88,21.319796
-129.184988,60,21.477112
-107.907008,54,21.530053
-534.625956,94,21.642339
-33.362743,74,21.715147
-509.919873,82,21.802198
-477.001163,93,21.908314
-531.497204,101,22.126434
-250.522748,62,22.19111
-475.396287,78,22.283525
-146.160769,50,22.331304
-135.153039,86,22.408808
-151.780225,59,22.465133
-133.557961,57,22.519042
-393.183162,94,22.957129
-286.133628,56,23.016319
-146.733984,59,23.075773
-157.104062,52,23.127827
-284.61172,64,23.192137
-326.873239,72,23.266415
-521.127036,88,23.365282
-206.631239,62,23.426369
-137.392423,53,23.573688
-96.631816,53,23.62638
-412.703485,71,23.704023
-220.722506,52,23.758757
-118.3958,76,23.832199
-429.785732,75,23.910684
-273.984403,56,23.968756
-184.72337,66,24.036924
-122.7851,70,24.193062
-388.346667,75,24.280812
-430.299355,83,24.376751
-497.688532,90,24.473891
-159.50712,61,24.533116
-233.952071,54,24.588239
-265.418802,73,24.661497
-384.020286,94,25.197359
-320.49759,76,25.278423
-309.197675,59,25.338489
-384.952551,143,25.502906
-100.133696,52,25.550119
-140.829473,70,25.612726
-489.363134,85,25.782897
-152.273982,58,25.842503
-33.771994,69,25.91279
-176.94368,65,25.981592
-143.578441,51,26.033435
-84.38793,57,26.087657
-341.815263,113,26.21078
-440.247223,91,26.407379
-566.517541,121,26.550329
-177.217244,55,26.604893
-140.611959,57,26.658249
-268.701054,70,26.730601
-538.411457,100,26.84016
-128.312603,62,27.251312
-595.028369,87,27.354874
-125.222243,67,27.420562
-316.84637,66,27.48721
-178.648417,66,27.550295
-456.895388,97,27.664701
-122.641787,57,27.715502
-247.962831,56,27.841186
-576.967256,172,28.066655
-169.924609,66,28.129661
18.892968,92,28.230455
-586.445181,127,28.372421
-486.211592,71,28.512548
-137.904673,62,28.572946
-637.475589,109,28.695821
-418.683583,56,28.75701
-374.700566,60,28.821244
-139.129501,65,28.879962
-533.685633,78,28.962262
-133.054066,63,29.394455
-225.249219,55,29.455246
-468.299521,135,29.621011
-436.471196,95,29.72523
-516.051756,75,29.802794
-580.754565,77,29.883993
-259.245817,68,30.034729
-523.963845,145,30.222346
-576.881381,81,30.320776
-492.276821,135,30.480169
-661.62457,148,30.738046
-662.39699,84,30.830756
-636.623747,112,30.970006
-496.345964,71,31.043266
-599.016247,87,31.147784
4.272124,96,31.606012
-209.961781,65,31.675124
-394.510634,56,31.736648
-245.440038,60,31.799581
-313.88699,69,31.871112
-144.243207,57,31.929281
-372.418285,80,32.007818
-613.81689,116,32.228026
37.049434,57,32.288884
-632.27053,105,32.424704
-490.054543,60,32.491719
-530.518221,87,32.587296
-399.4225,69,32.660199
-735.371226,101,32.769914
-137.72002,62,32.894708
-584.723004,101,33.009925
12.248694,63,33.075435
33.377569,63,33.137749
-577.380974,139,33.300951
-422.230353,78,33.380876
-505.799698,78,33.820864
-696.442741,119,33.968979
-373.451078,47,34.020221
-475.214795,66,34.089234
-715.354571,126,34.243847
-343.94361,52,34.294627
-1067.682736,139,34.522663
-413.407957,70,34.594948
-663.116454,79,34.691303
-299.034484,54,34.745776
-746.389044,77,34.826719
-577.887018,73,34.901658
-718.286644,95,35.09764
-537.196014,79,35.179163
-681.732843,69,35.260098
-621.531973,68,35.339899
-661.165243,77,35.428311
-450.058701,57,35.483658
-561.266333,70,35.5538
-422.385513,55,35.967016
-251.210738,51,36.018465
-455.177966,74,36.09182
-755.97415,88,36.182842
-456.309724,67,36.249478
-681.21182,89,36.351609
-816.426634,87,36.502665
-613.978378,74,36.582294
-747.92655,85,36.670582
-337.736952,58,36.727072
-249.861776,51,36.77697
-650.116051,81,36.870044
-139.968262,54,36.918502
-712.79158,100,37.103424
-465.837716,53,37.161615
-368.248083,58,37.221025
-795.629309,97,37.323562
-710.328228,85,37.422656
-680.576394,144,37.592374
-669.83728,64,38.032802
-417.3119,49,38.087711
-668.917803,77,38.18553
-518.345993,65,38.256262
-258.55691,64,38.323433
-701.979088,93,38.438716
-1439.153782,194,38.773118
-797.785501,104,38.898915
-645.578032,67,38.973404
-582.390656,66,39.044682
-826.465378,137,39.204064
-459.40125,54,39.261453
-902.043001,125,39.479968
-739.270582,92,39.585169
-701.091641,73,39.673664
-585.41011,74,39.748895
-499.637008,73,39.824322
-444.381448,53,39.878704
-410.240778,51,40.303842
-840.871846,79,40.399733
-794.128545,105,40.530926
-1536.291526,210,40.829218
-663.140103,69,40.900965
-462.026819,58,41.035326
-710.579534,73,41.116461
-440.227638,53,41.173494
-492.633139,54,41.234561
-130.257321,60,41.290257
-683.840404,59,41.359807
-1008.046058,219,41.735494
-426.006215,56,41.796544
-507.02586,66,41.86815
-825.084843,89,41.975977
-758.829327,91,42.08589
-713.150987,158,42.675176
-1092.949226,120,42.826866
-717.349688,66,42.910781
-780.290908,86,43.018113
-1821.248698,292,43.489386
-518.145393,56,43.550837
-754.811625,83,43.653147
-123.6524,52,43.702646
-117.631157,64,43.76128
-524.438823,67,43.834818
-816.337506,85,43.939162
-751.493106,63,44.085911
-731.730915,80,44.188259
-782.664414,78,44.286869
-685.220502,65,44.367331
-736.752126,69,44.452888
-8.217488,76,44.532031
-390.198179,51,44.586661
-752.716814,86,45.063547
-136.464259,64,45.126621
-382.632982,60,45.192008
-491.922921,68,45.269361
-715.420185,74,45.350905
-769.640654,74,45.439987
-449.625332,66,45.512037
-433.342706,50,45.628683
-753.289313,73,45.720405
-424.45866,50,45.776257
-471.336597,69,45.850264
-265.200577,59,45.911573
-785.496168,78,45.998471
-476.368902,53,46.056678
-449.975952,58,46.119197
-730.637945,76,46.272081
-711.826125,88,46.383525
-678.266802,74,46.466005
-424.247145,50,46.522152
-439.225401,64,46.589746
-679.182489,83,46.680518
-784.988911,93,46.790317
-484.255089,63,47.254894
-707.139813,90,47.364094
-698.674467,69,47.441967
-645.025737,66,47.516718
-688.149108,75,47.610482
-2803.658898,250,48.059412
-374.152331,63,48.127348
-273.053165,63,48.193885
-481.535976,54,48.252163
-527.523034,59,48.315606
-824.40574,82,48.405185
-450.986308,52,48.460555
-814.773301,114,48.665966
-414.661087,66,48.739871
-486.740952,56,48.802678
-651.941439,61,48.878839
-682.412323,92,48.988591
-439.810966,54,49.046244
-458.715546,54,49.104994
-1653.851202,151,49.717577
-125.582803,52,49.771539
-641.966905,67,49.845833
-500.532269,56,49.906979
-293.236222,53,49.960741
-654.585771,76,50.047518
-667.898518,84,50.145044
-731.723419,117,50.365416
-686.302917,111,50.499739
-448.934302,53,50.557076
-840.102703,81,50.644925
-809.256561,78,50.729623
-576.700148,65,50.871032
-390.236824,57,50.934078
-718.420167,78,51.035913
-724.386088,73,51.128356
-876.899216,81,51.219204
-774.880388,75,51.302402
-691.777576,103,51.421737
-644.385441,66,51.885449
-418.123366,51,51.939849
-220.205984,50,51.990984
-477.17922,77,52.085868
-710.389626,91,52.197435
-741.389688,85,52.298305
-130.926246,55,52.35173
-535.5335,60,52.482737
-1634.273689,151,52.690328
-156.110892,65,52.754943
-579.739727,64,52.823588
-747.80085,83,52.909627
-488.773628,60,52.972188
-175.015968,70,53.037094
-151.952107,72,53.191692
-516.853827,124,53.3408
-447.630878,81,53.42626
-598.322391,180,53.665118
-143.783023,53,54.106191
-460.556157,75,54.188429
-671.74741,112,54.323195
-668.741295,70,54.398935
-684.130702,72,54.473462
-207.74003,67,54.53554
-229.397437,60,54.595656
-655.382013,79,54.748895
-587.010497,67,54.825522
-630.105631,63,54.901527
-428.874802,55,54.959211
-411.781973,52,55.015201
-504.657323,73,55.092881
-474.45846,67,55.162591
-582.381233,64,55.229034
-415.101336,53,55.349195
-754.764418,57,55.424517
-538.721267,71,55.503203
-492.807075,58,55.564986
-454.86902,72,55.643685
-605.751182,132,55.788314
-414.375378,77,56.280055
-180.498321,51,56.334507
-593.576372,149,56.519055
-621.330794,68,56.592677
-659.086752,88,56.691801
-763.682581,83,56.778492
-159.59957,68,56.909778
-473.919526,56,56.973643
-480.886434,63,57.045008
-653.151156,119,57.192758
-554.516489,66,57.266153
-481.003662,77,57.349912
-638.490469,93,57.44947
-538.607707,66,57.595341
-752.675805,59,57.671364
-715.950921,59,57.746145
-930.049024,83,57.840226
-387.124936,51,57.893911
-472.135762,67,57.962317
-336.569549,53,58.016584
-422.426946,78,58.502994
-702.741968,62,58.584064
-424.315873,50,58.638298
-739.144185,75,58.721535
-420.260951,50,58.775922
-426.611665,52,58.83018
-758.247756,63,58.905515
-467.282623,62,58.96752
-744.685067,63,59.043518
-54.490906,66,59.191519
-1000.054676,86,59.290033
-476.420917,54,59.348638
-514.879798,57,59.409812
-767.566325,74,59.490946
-303.989119,70,59.565487
-963.339559,121,59.784286
-238.074412,54,59.846996
-639.822837,66,59.922581
-509.071451,99,60.041235
-347.125761,67,60.117287
-410.379988,67,60.191535
-503.174654,70,60.265728
-407.123977,74,60.772465
-523.301146,83,60.864019
-711.634108,63,60.942431
-403.8971,51,60.996552
-518.846812,82,61.090823
-505.93495,71,61.164182
-257.117826,82,61.246285
-748.641993,64,61.39842
-415.078733,65,61.477956
-702.262762,91,61.57934
-764.420712,73,61.668577
-668.456898,80,61.751725
-43.208659,86,61.83994
-737.885551,64,61.915895
-588.774216,65,62.063662
-384.169536,61,62.138113
-257.864069,51,62.196527
-670.207495,93,62.301266
-266.281198,56,62.364189
-758.344577,63,62.444263
-488.693961,65,62.51334
-363.16187,53,62.569167
-568.626301,61,63.059233
-444.015131,54,63.11777
-723.337656,66,63.201
-542.980924,59,63.265541
-748.364215,74,63.358664
-540.196108,66,63.434799
-721.364849,60,63.508024
-721.337495,64,63.585881
-503.537122,67,63.725587
-465.558756,102,63.847551
-748.715437,88,63.946834
-438.556411,70,64.021875
-284.720239,52,64.077381
-93.888407,65,64.150265
-623.957942,63,64.216529
-654.85703,59,64.3515
-597.048318,70,64.431698
-643.713102,67,64.505437
-431.586386,50,64.559814
-1128.580742,153,64.74859
-1077.080615,148,65.354518
-549.287548,61,65.421172
-516.408073,59,65.486456
-564.516932,61,65.55356
-580.380079,77,65.634737
-438.989707,130,65.785394
-1025.846361,89,65.947191
-436.33789,70,66.028717
-368.763103,50,66.08367
-450.199032,53,66.142223
-711.985242,80,66.242908
-717.056228,73,66.331734
-638.909929,67,66.403946
-602.435402,63,66.470868
-628.993252,67,66.614503
-307.300559,88,66.709
-461.827891,81,66.796431
-447.585666,54,66.851238
-728.336782,116,66.976559
-757.053965,83,67.058781
-442.855858,53,67.110126
-610.366284,65,67.583914
-846.64469,127,67.727235
-473.870643,88,67.819222
-589.284649,66,67.884715
-616.886578,73,67.957523
-538.571544,72,68.030227
-592.957682,63,68.194356
-460.616156,57,68.2584
-601.501667,64,68.327294
-530.188055,61,68.393605
-666.223997,63,68.471777
-311.681681,91,68.567982
-835.764804,81,68.654512
-425.271942,76,68.807807
-688.312443,73,68.901212
-587.738482,74,68.989627
-482.433797,64,69.058517
-517.618321,84,69.149186
-756.680059,80,69.235024
-655.971345,67,69.31341
-694.406634,74,69.827216
-622.974989,73,69.91035
-598.714639,66,69.984288
-457.535885,79,70.075678
-572.784947,72,70.15716
-718.600271,87,70.253405
-630.633707,79,70.431443
-573.873564,100,70.551586
-642.23532,79,70.642397
-530.781849,77,70.730401
-786.240063,75,70.815669
-492.94871,60,70.883718
-595.804788,65,70.95486
-287.251835,76,71.131305
-465.870466,79,71.2325
-304.795395,117,71.374946
-906.659511,83,71.465002
-27.063972,68,71.544519
-554.663187,85,71.639696
-620.892545,144,72.306657
-469.304954,54,72.367494
-585.082687,78,72.4601
-618.901675,79,72.551727
-443.89955,62,72.619309
-540.264016,69,72.692831
-594.856243,90,72.855399
-357.640167,51,72.910839
-491.502605,55,72.971184
-514.958751,85,73.07117
-443.439072,53,73.127531
-585.3046,65,73.195572
-640.632953,84,73.291227
-237.302552,84,73.465664
-369.11364,86,73.573705
-501.092388,67,73.648424
-527.123134,61,73.716551
-462.337095,81,73.808209
-517.294726,65,73.878554
-646.703552,81,73.966574
-593.315863,74,74.526829
-644.96956,231,74.850626
-576.781737,78,74.934526
-22.735057,71,75.017314
-216.117978,90,75.188174
-238.011304,84,75.286741
-562.633042,64,75.373445
-138.354337,91,75.514292
-318.638026,57,75.592049
-586.76665,123,75.782186
-529.304626,79,75.975005
-547.029753,63,76.057121
-680.38916,83,76.165103
-800.054671,84,76.271657
-607.417936,66,76.351347
-745.645215,74,76.439766
-273.818416,76,76.535727
-392.329111,53,77.129274
-597.264829,64,77.221078
-337.473517,61,77.305391
-477.113446,55,77.37083
-608.228105,106,77.512085
-995.778322,128,77.68064
18.314089,80,77.879699
-489.766124,55,77.954986
-477.498832,61,78.039583
-589.108399,61,78.122062
-794.440737,79,78.229395
-616.055003,88,78.350594
-502.792436,141,78.594789
-449.46904,63,78.811379
-657.704642,73,78.928943
-429.538361,53,79.013155
-791.144584,78,79.140442
-382.253632,55,79.231533
-572.952794,79,79.359848
-730.544725,87,79.481562
-500.32804,57,80.075446
-343.142039,53,80.140655
-596.415993,66,80.236665
-530.212312,81,80.355103
-201.564888,60,80.432874
-770.266052,79,80.528711
-320.881174,60,80.605339
-507.566352,76,80.793872
-95.922695,72,80.908192
-494.072382,61,81.011207
-417.554141,55,81.107648
-452.949508,57,81.208185
-467.781214,69,81.343709
-534.754787,79,81.480582
-656.443036,72,81.592938
-834.250242,86,81.840612
-404.933499,54,81.930031
-654.271199,97,82.095971
-362.931648,59,82.179471
-881.491214,85,82.298917
-786.400325,89,82.417783
-509.756728,72,83.099131
-757.639457,76,83.198841
-864.127671,87,83.3101
-578.313377,62,83.399076
-268.099225,53,83.486516
18.394238,63,83.605952
-276.681754,71,83.741578
-495.792436,77,83.952831
-327.619175,54,84.038532
-518.951332,67,84.133944
-367.66695,50,84.201988
-367.998874,61,84.284637
-640.258694,85,84.393748
-739.232689,82,84.496996
-147.804566,61,84.579577
-681.804316,73,84.766879
-445.75791,61,84.850552
-552.756826,81,84.95625
-463.206077,64,85.035697
-439.692246,52,85.099606
-461.167443,57,85.16879
-668.304712,81,85.267626
-271.915737,63,85.931623
-511.155476,62,86.031845
-747.128694,80,86.148738
-66.316193,75,86.256839
-419.039482,52,86.327017
-632.608082,77,86.429955
-20.445466,77,86.536241
-559.93901,61,86.609501
-485.511299,59,86.770782
-641.756367,75,86.883008
-521.950746,56,86.960784
-903.348775,89,87.083777
-562.296411,83,87.188777
-670.794183,75,87.279822
-794.948888,89,87.493136
-414.316982,59,87.574821
-567.932455,63,87.655241
-50.724587,56,87.728728
-697.886728,83,87.830082
-567.914867,64,87.90687
-533.127409,68,87.985154
-29.772474,60,88.06019
-704.689327,75,88.732558
-19.607059,57,88.816306
-660.900416,70,88.911246
-656.72223,80,89.017102
-299.546085,70,89.098745
-522.82069,58,89.171558
-579.592674,89,89.280864
-542.000194,84,89.484437
-691.834294,73,89.572536
-240.608227,59,89.647005
-456.471115,58,89.716285
-589.273889,62,89.786318
-750.659381,75,89.871703
-483.573062,55,89.935642
-541.35995,58,90.010323
-548.132437,75,90.234034
-338.515319,68,90.324498
-464.97729,54,90.398229
-552.765634,90,90.515775
-18.415108,60,90.603103
-508.990081,73,90.702949
-77.943763,70,90.81794
-592.990371,70,91.576049
-622.137561,72,91.6815
-482.184623,74,91.816054
-446.827052,136,92.059608
-200.883174,67,92.1619
-446.844318,82,92.28995
-388.582609,84,92.518758
-660.274987,81,92.647187
-938.344989,90,92.804033
-299.198128,55,92.88908
-96.274217,75,93.013263
-363.394226,61,93.131706
-552.108393,62,93.240273
-278.948603,57,93.449661
-241.766601,101,93.634748
-535.800229,68,93.737591
-78.948284,69,93.843989
-490.163105,60,93.926911
-496.11606,70,94.027391
-177.684455,64,94.120965
-439.080049,60,94.75528
-550.842022,61,94.826667
-579.659368,65,94.903095
-198.776633,55,94.971646
-732.522182,78,95.063309
-480.544688,59,95.13802
-35.092301,57,95.226123
-488.825954,65,95.312507
-319.504181,85,95.506864
-115.152333,67,95.594076
-504.944551,156,95.813778
-83.238465,57,95.881331
-622.541727,68,95.959956
-599.252329,65,96.034284
-485.252032,66,96.206288
-598.22711,69,96.294961
-692.683121,85,96.402935
-630.537307,68,96.483637
-80.190895,64,96.560529
-229.172986,55,96.624935
-617.688934,75,96.711073
-598.567311,64,97.294656
-721.854765,63,97.373553
-353.583374,50,97.427901
-676.510219,76,97.512215
-527.141479,60,97.575375
-584.685394,73,97.652006
-371.181793,53,97.706779
-612.197332,78,97.794661
-118.17027,60,97.926275
-92.474631,57,97.993009
-337.356331,48,98.046966
-217.20658,54,98.109295
-548.824355,61,98.177963
-626.472683,67,98.257885
-675.981171,69,98.33858
-775.255409,86,98.435627
-520.601727,74,98.611286
-665.638993,80,98.706896
-185.431144,74,98.7986
-258.207332,79,98.889134
-188.106064,55,98.952619
-101.970794,54,99.014321
-381.738237,108,99.667541
-369.774866,59,99.737417
-605.076407,63,99.807606
-342.17661,74,99.893566
-703.926531,61,99.96995
-704.59953,86,100.065149
-219.925389,65,100.138912
-657.33257,67,100.216393
-515.216446,72,100.380055
-210.981854,69,100.463381
-626.808317,72,100.546757
-515.350782,60,100.616865
-579.194858,77,100.704276
-424.563976,62,100.774371
-388.366445,55,100.836378
-539.840514,58,100.960243
-578.902333,62,101.028479
-678.338363,78,101.114028
-483.383604,58,101.176088
-609.322374,91,101.273285
-647.605309,70,101.348402
-41.507477,62,101.415012
-569.726464,76,101.501752
-491.726523,55,102.053659
-604.272728,64,102.118951
-678.057227,79,102.200511
-472.085674,60,102.262675
-525.286575,63,102.32794
-639.856826,69,102.400321
-564.308603,62,102.46135
-582.56017,68,102.603285
-499.18915,63,102.679074
-426.271932,51,102.737013
-697.259786,79,102.829142
-202.145583,65,102.906699
-634.321163,67,102.983773
-545.99355,60,103.050432
-625.591511,67,103.121954
-398.33012,50,103.261987
-497.656736,59,103.331645
-442.320272,97,103.447538
-69.251124,56,103.513637
-512.364752,56,103.575407
53.738023,89,103.683421
-596.97933,70,103.766398
-680.439477,75,104.358333
-243.9968,67,104.433505
-552.794521,61,104.500435
-638.797737,68,104.57529
-304.824002,72,104.657501
-335.296756,86,104.75617
-601.569807,69,104.829207
-547.24096,65,104.986799
-686.690654,80,105.081
-353.638617,52,105.14138
-731.940862,83,105.237878
-325.46498,74,105.329507
-343.911349,51,105.387434
-754.822921,79,105.47802
-604.54517,68,105.554129
-363.620122,91,105.728785
-690.940308,78,105.819787
-471.024681,59,105.887047
-90.499385,66,105.966395
-424.226632,57,106.029979
-186.404266,64,106.1051
-268.672845,69,106.182845
-88.633457,59,106.762651
-363.31969,48,106.815627
-496.921165,69,106.891853
-903.595553,86,106.988201
-56.463966,69,107.067311
-72.059668,60,107.136086
-1003.005438,93,107.237489
-638.829173,79,107.390546
-505.109634,56,107.45397
-580.246851,69,107.534358
-595.551571,62,107.604589
-386.04168,61,107.673744
-117.154399,58,107.738907
-372.28426,51,107.794338
-333.323492,51,107.849349
-657.431721,74,107.998965
-654.838964,64,108.079058
-446.62126,59,108.147749
-299.479349,60,108.217548
-468.946851,133,108.387375
-517.126819,59,108.452528
-776.916358,84,108.547293
-522.604253,60,109.158601
-1463.924712,133,109.338732
-429.715082,64,109.411185
-409.049646,60,109.477662
-531.013585,68,109.550106
-945.027164,86,109.641526
-275.119736,55,109.777579
-526.077992,67,109.856649
-649.688176,110,109.989186
-508.413162,68,110.061346
-472.524741,63,110.128525
-672.323141,76,110.210783
-939.205135,89,110.308438
-543.156001,68,110.44879
-645.049201,81,110.544276
-449.06484,59,110.611621
-330.016809,64,110.684829
-475.49029,79,110.775831
-1158.031345,113,110.915303
-168.450206,63,111.529667
-560.408475,67,111.603853
-641.041496,75,111.691839
-660.337169,75,111.775664
-753.274017,94,111.890263
-497.147445,80,111.978477
-965.044108,88,112.072476
-579.867192,64,112.216947
-375.22459,61,112.285919
-531.8371,60,112.352791
-576.102826,64,112.425673
-512.503232,59,112.490094
-638.567338,73,112.570988
-611.774193,67,112.64443
-306.319368,57,112.705624
-712.582019,76,112.855332
-207.471226,76,112.947254
21.380251,70,113.031176
-410.181484,76,113.108461
-402.296823,51,113.163153
-487.54493,55,113.222553
-356.386787,51,113.277307
-359.676604,66,113.893375
-346.714026,61,113.960136
-656.652101,70,114.038487
-123.434991,54,114.095227
-784.962818,84,114.188587
-418.031458,66,114.256703
-475.986734,61,114.321889
-403.358443,52,114.375776
-690.766277,84,114.549338
-1325.203316,114,114.69384
-623.59886,66,114.767437
-746.015663,78,114.852893
-679.570265,76,114.938705
-1084.100191,98,115.056117
-592.900734,63,115.197705
-570.704828,63,115.267828
-621.115521,98,115.382686
-821.011117,106,115.509362
-402.202409,63,115.576985
-302.121806,58,115.638
-319.794339,55,115.694796
-423.477661,58,116.303515
-331.481709,71,116.370451
-499.304065,55,116.425417
-351.038946,59,116.484571
-988.915951,111,116.675607
-621.055891,67,116.741859
-178.50333,64,116.806244
-764.18248,83,116.956695
-383.000102,70,117.029468
-669.47646,74,117.114367
-867.199797,122,117.256888
-990.827435,114,117.392676
-630.184916,67,117.542583
-560.544938,65,117.619801
-719.346945,81,117.716016
-190.409935,52,117.774359
-469.281134,54,117.834156
-158.212919,54,117.894918
-335.833046,54,117.949746
-787.435293,79,118.035731
-406.541765,54,118.094513
-702.37658,82,118.754775
-494.418075,54,118.812437
-494.925122,59,118.875925
-684.940765,117,119.018659
-719.046856,82,119.112912
-336.377487,58,119.173961
-486.251017,55,119.313442
-556.75214,75,119.408772
-380.64187,54,119.47139
-586.035583,88,119.577758
-232.734188,50,119.631244
-650.321818,77,119.723743
-315.010007,59,119.783266
54.700805,95,119.894998
-617.666357,84,120.070092
-748.968317,85,120.169996
-700.540134,109,120.303909
-458.978056,62,120.372514
-372.017252,70,120.442992
-158.164879,68,120.520568
-1005.642352,111,121.204439
-273.825772,98,121.314828
-349.947278,69,121.392966
-553.845449,65,121.468265
-618.940246,67,121.543333
-624.621432,67,121.613605
-708.886153,81,121.793808
-343.826729,56,121.859051
-541.612759,65,121.936754
-646.490668,68,122.033232
-753.464454,89,122.160487
-532.00164,228,122.579046
-535.330645,59,122.650486
-644.106142,69,122.733645
-542.638662,64,122.809069
-487.250446,56,122.870069
-543.126432,72,122.958775
-755.52049,90,123.070563
-369.624176,69,123.683089
-145.15118,55,123.741447
-763.17652,93,123.849779
-465.141393,62,123.914395
-615.033086,68,123.991254
-374.604379,51,124.04333
-460.534227,69,124.116321
-291.797603,52,124.170047
-43.851778,86,124.352753
-540.367875,59,124.418608
-631.507978,69,124.499629
-501.401603,58,124.562438
-487.710626,53,124.620087
-414.246346,60,124.685965
-604.633186,80,124.782932
-406.59893,49,124.833406
-353.349671,69,124.996318
-710.222384,84,125.097813
-437.992922,52,125.15766
-533.431734,58,125.220876
-489.192959,59,125.28561
-207.26375,55,125.347974
-483.726346,57,125.410126
-546.753296,64,125.480485
-615.605911,67,126.113437
-576.616602,61,126.179438
-596.950905,74,126.257893
-801.510544,79,126.343801
-612.928779,86,126.442038
-652.350761,68,126.515208
-339.426208,51,126.567751
72.100769,80,126.732098
-585.810323,72,126.814232
-651.428991,73,126.902481
-470.057683,65,126.977813
-685.476944,79,127.07116
-517.966401,72,127.151628
-433.359054,60,127.217033
-529.000861,58,127.365652
-436.23582,77,127.458032
-659.716723,72,127.546475
-232.993173,61,127.618788
-144.162994,69,127.69963
-658.890933,96,127.814819
-455.335807,52,127.867811
-561.926112,64,128.529358
-372.789458,52,128.586751
-556.608003,64,128.657159
-605.297126,80,128.746234
-667.338617,80,128.834507
-962.178775,102,128.95685
-439.860662,86,129.050118
-726.441527,82,129.223977
-556.630385,64,129.297234
-631.232271,74,129.380001
-582.469373,72,129.459651
-594.21449,66,129.533938
-487.188285,55,129.593559
-1274.349679,114,129.803784
-653.96712,79,129.899134
-333.176731,61,129.968528
-549.934833,69,130.046125
-612.487926,76,130.127878
-459.498966,65,130.20188
-658.086422,67,130.276618
-997.79448,101,130.960447
-484.454,55,131.01948
-248.558014,77,131.107054
-597.158911,66,131.179975
-931.428833,105,131.305053
-495.526875,72,131.387683
-343.527367,56,131.445364
-1291.052643,109,131.653744
-345.903092,69,131.726284
-659.193722,72,131.81212
-451.490679,55,131.872622
-271.662956,65,131.945912
-536.409464,61,132.010543
-1291.776625,112,132.205025
-84.102668,75,132.297006
-634.637869,71,132.378613
-749.350305,76,132.464677
-622.968289,69,132.545419
-556.048049,60,132.609654
-305.040421,69,132.689635
-641.674693,67,132.766025
-708.204101,85,133.440136
-1278.385223,107,133.566337
-545.404735,69,133.645033
-200.539649,71,133.727427
-478.980217,54,133.782442
-501.986202,82,133.876545
-664.475726,71,134.036626
-470.250801,53,134.09676
-307.805284,55,134.159073
-690.89906,74,134.242231
-135.438661,73,134.328942
-479.812814,64,134.396579
-401.106007,52,134.450984
-340.616559,104,134.650793
-525.632819,63,134.726894
-771.119981,90,134.838953
-547.683514,60,134.907033
-504.257347,56,134.966744
-367.796103,58,135.031194
-773.343034,81,135.122772
-607.440502,76,135.202489
-191.717828,71,135.859688
-889.566079,86,135.955153
-641.013912,72,136.033034
-612.762709,67,136.107105
-682.565626,73,136.186697
-359.173209,50,136.239029
-580.027456,62,136.305502
-714.720846,90,136.475502
-431.306422,52,136.53229
-292.775976,62,136.596226
-518.923986,57,136.657873
-486.123697,56,136.718201
-585.083855,65,136.788268
-420.599391,51,136.841698
-166.524905,53,136.898352
-400.767123,54,137.024544
-681.628047,76,137.114527
-457.068212,69,137.191687
-744.964586,81,137.28305
-423.876439,60,137.344819
-1073.355119,108,137.471886
-495.046155,55,137.530889
-426.861126,56,138.202465
-580.3929,70,138.277668
-430.355179,55,138.337024
-436.216639,55,138.399976
-133.348447,62,138.47126
-589.933676,64,138.540044
-557.737769,60,138.603851
-475.939379,56,138.662692
-471.445736,54,138.717666
-615.78326,84,138.8773
-610.708367,70,138.959684
-582.78861,64,139.032522
-546.378046,59,139.098226
-490.625402,55,139.156934
-322.392956,52,139.21439
-547.883455,62,139.281927
-559.335056,65,139.353321
-678.412205,75,139.52046
-528.940387,60,139.590171
-413.845702,58,139.659492
-818.032937,85,139.757147
-618.258435,68,139.842084
-508.233373,58,139.910068
-309.574001,60,139.973252
-480.353178,55,140.755799
-682.927324,76,140.862452
-268.269574,62,140.937825
-532.409375,61,141.019596
-452.385389,56,141.089382
-808.531483,76,141.182816
-681.786513,75,141.274834
-580.418004,62,141.347179
-435.221613,50,141.490742
-292.050329,72,141.582353
-483.06764,57,141.648166
-465.90504,57,141.713709
-513.79658,57,141.77803
-625.336487,66,141.851417
-651.656269,69,141.927172
-464.881859,57,141.988114
-464.564356,55,142.113369
-379.62533,57,142.181089
-660.045296,71,142.264479
-531.353417,66,142.342772
-579.187995,64,142.416066
-581.331526,63,142.4858
-483.03524,56,142.547555
-564.203079,97,143.29817
-385.099762,54,143.360362
-119.144205,78,143.444891
-615.31854,81,143.531689
-542.928918,78,143.614656
-529.187849,72,143.689557
-571.712598,61,143.750372
-400.136596,50,143.79989
-737.24787,88,143.956422
-628.348096,72,144.040408
-482.855288,89,144.14014
-411.985505,53,144.197194
-555.446784,62,144.263874
-580.780853,62,144.330256
-616.775023,70,144.406381
-696.182867,81,144.560446
-299.875874,76,144.648399
-687.809907,75,144.731089
-372.000365,52,144.790905
-515.811863,69,144.868859
-503.090852,57,144.928937
-483.809303,59,144.991431
-92.362931,82,145.698848
-359.424669,50,145.75205
-458.417428,74,145.832293
-643.346702,81,145.920862
-516.272212,58,145.98335
-515.748513,60,146.048124
-575.088193,72,146.126953
-521.519547,80,146.215662
-514.999955,58,146.3411
-574.946617,63,146.411571
-594.077228,64,146.483235
-607.561766,88,146.585044
-460.206997,52,146.640663
-616.08808,66,146.712079
-544.007837,72,146.791501
-531.399307,83,146.943094
-613.872531,65,147.008999
-553.570608,61,147.071411
-562.39598,73,147.146606
-658.577446,70,147.215947
-676.59101,78,147.293557
-486.524901,54,147.345855
-322.579676,72,148.003258
-628.544688,85,148.086787
-564.089749,72,148.157883
-477.205394,65,148.221696
-648.276105,68,148.292611
-660.806311,71,148.359919
-557.892629,61,148.418086
-544.402763,61,148.475332
-826.155629,71,148.628759
-495.659239,95,148.735857
-595.253378,68,148.80546
-529.110445,58,148.862068
-592.3097,66,148.927602
-618.117852,68,148.995232
-750.295382,74,149.073141
-491.815357,89,149.229228
-487.488868,120,149.373313
-444.960654,71,149.443926
-395.59601,50,149.492768
-549.559113,59,149.553483
-586.775951,64,149.620492
-729.211401,61,150.30853
-667.995139,70,150.382066
-732.875008,62,150.455543
-768.706525,68,150.534135
-550.202106,74,150.614896
-591.87358,66,150.685612
-372.264603,127,150.826392
-739.857114,77,150.984451
-590.367059,80,151.075732
-619.209855,77,151.173373
-239.452984,126,151.324921
-672.146789,70,151.401501
-515.01621,79,151.487808
-577.368417,76,151.665701
-525.345219,60,151.737938
-511.993858,64,151.817258
-686.350762,68,151.897001
-352.162352,125,152.054153
-606.139042,77,152.138572
-499.055738,58,152.816284
-742.417542,79,152.903265
-579.071173,63,152.972319
-731.554854,78,153.058858
-499.738082,58,153.123085
-622.825813,66,153.19448
-551.297379,60,153.257131
-551.556361,68,153.332726
-542.898818,73,153.481041
-672.379893,80,153.57198
-527.405707,81,153.671821
-603.49171,66,153.749703
-546.442928,75,153.854651
-640.101303,77,153.982025
-143.455281,88,154.225932
-575.195674,123,154.428414
-573.456806,67,154.523321
-453.62537,53,154.588912
-537.735336,77,154.682003
-590.728885,64,154.761507
-415.132957,51,154.827318
-465.219678,53,155.69838
-548.181272,66,155.814547
-565.656374,63,155.908647
-496.907694,55,155.992477
-487.677962,57,156.072591
-461.783577,53,156.147313
-449.808614,73,156.245965
-444.723883,55,156.319089
-621.297008,68,156.484986
-675.026718,94,156.645262
-202.886433,99,156.803611
-507.693872,76,156.920787
-556.056388,70,157.046727
-456.66109,54,157.136411
-528.153073,81,157.274822
-624.217503,89,157.525138
-524.887643,66,157.620563
-581.423278,63,157.711463
-607.004721,66,157.807734
-465.459762,56,157.88568
-651.937858,89,158.025406
-551.954269,76,158.129673
-633.16628,67,158.981992
-669.476288,89,159.129625
-622.645627,70,159.233233
-381.40119,51,159.309286
-626.93462,75,159.425272
-657.270667,78,159.539165
-774.875289,83,159.669197
-618.134549,65,159.861422
-776.06882,84,159.988596
-523.468073,68,160.104066
-343.152523,53,160.197467
-758.66179,82,160.336051
-1058.160524,127,160.534413
-532.501125,82,160.74311
-415.993099,52,160.820857
-629.062697,71,160.923506
-668.917729,86,161.059577
-651.888211,72,161.166904
-647.809997,69,161.277668
-656.981907,92,162.230253
-585.501736,64,162.312229
-836.398651,86,162.423046
-251.135396,85,162.556131
-588.292186,63,162.656677
-634.345678,63,162.758849
-521.292664,64,162.854136
-504.819723,67,162.944118
-553.481328,61,163.128754
-465.743461,55,163.202483
-86.480552,79,163.315622
-587.55305,64,163.394648
-599.47388,64,163.473063
-521.690616,63,163.553928
-681.570489,99,163.679723
-380.74132,58,163.856195
-498.469681,96,163.981914
-431.116968,53,164.046742
-446.826201,52,164.109413
-524.537524,74,164.204641
-569.006262,72,164.295133
-541.035442,74,164.379943
-632.97612,63,165.175967
-558.380357,63,165.256435
-1133.167887,160,165.472803
-769.596425,77,165.567681
-562.756651,60,165.639725
-656.109469,89,165.757692
-429.600165,64,165.908525
-491.289352,56,165.97152
-449.546288,55,166.033806
-578.796203,64,166.103043
-466.612156,55,166.161793
-713.861794,61,166.231987
-721.104801,81,166.320904
-543.728971,61,166.392099
-486.640141,56,166.538387
-637.755465,76,166.640217
-688.643139,74,166.733931
-536.936402,77,166.828623
-568.423625,61,166.904667
-658.575482,71,166.995063
-446.19192,53,167.056038
-622.296904,67,167.969548
-438.585127,53,168.040266
-443.472077,54,168.109577
-598.899369,63,168.198678
-700.957519,79,168.328876
-562.971157,62,168.418928
-843.868273,85,168.525657
-854.129185,120,168.790413
-628.840595,75,168.932772
-501.48801,89,169.08287
-654.951518,64,169.179178
-616.278377,81,169.295642
-526.945851,59,169.369246
-611.917477,68,169.458274
-569.115984,94,169.656883
-623.932668,67,169.741545
-377.665609,50,169.801
-731.482919,75,169.891469
-674.655921,83,169.990115
-948.119532,111,170.125289
-474.534396,104,170.961495
-482.533793,54,171.034836
-496.190974,59,171.11626
-1247.580801,152,171.343266
-539.943193,60,171.418888
-594.200488,75,171.522769
-849.464743,110,171.765662
-764.725604,107,171.920908
-417.587738,52,171.987281
-768.071623,80,172.091996
-649.82351,66,172.179215
-598.154228,80,172.286359
-636.437542,72,172.454955
-485.268016,55,172.528742
-544.627774,60,172.613105
-561.941814,61,172.689726
-557.71919,61,172.771349
-445.685386,53,172.839338
-782.307843,89,172.963926
-544.468796,72,173.085367
-531.205497,58,173.940378
-515.730197,59,174.021224
-497.040186,57,174.090796
-563.979679,62,174.173038
-598.563881,67,174.257521
-767.648626,83,174.359582
-549.028784,65,174.444926
-537.253797,60,174.518865
-599.753423,64,174.682759
-668.620203,65,174.772656
-686.606479,61,174.859654
-561.650137,62,174.951533
-555.745732,79,175.090889
-929.030667,108,175.252763
-654.825812,70,175.342575
-674.359812,80,175.531071
-534.584711,62,175.623529
-578.546038,64,175.714095
-461.83726,59,175.794823
-721.312354,79,175.902078
-701.755448,92,176.030613
-524.454196,60,176.106415
-423.56687,55,176.871359
-495.915709,59,176.946858
-674.709403,73,177.053032
-481.771117,88,177.192528
-495.866085,83,177.312835
-417.766717,49,177.375067
-492.124233,57,177.446387
-726.552897,76,177.639273
-669.255491,78,177.748168
-427.683192,55,177.824566
-576.310194,66,177.909878
-383.665618,50,177.972687
-644.283694,68,178.058739
-301.675713,97,178.177606
-492.048348,58,178.24699
-651.179952,75,178.406164
-1442.434104,133,178.582976
-486.241764,60,178.651951
-397.240981,93,178.765324
-541.427662,61,178.834897
-729.345432,86,178.930726
-938.984754,135,179.986935
-533.256765,61,180.073613
-1226.756146,115,180.264954
-560.799741,63,180.369469
-895.697232,94,180.517436
-846.170784,96,180.741443
-373.695621,85,180.909044
-188.693878,87,181.099764
-576.420238,66,181.193837
-560.538122,65,181.282266
-642.860648,80,181.403313
-494.005535,75,181.607441
-425.774562,56,181.688635
-680.088929,79,181.797023
-579.314761,69,181.8909
-335.496071,50,181.952853
-1267.528176,138,182.145164
-545.296541,74,182.244507
-49.417604,72,183.21111
-1115.23868,117,183.421006
-538.070533,61,183.512063
-577.554107,65,183.600378
-643.65625,67,183.686365
-333.999127,105,183.846896
-547.030786,62,184.020995
-535.599407,61,184.106531
-641.011053,134,184.30349
-697.992246,77,184.435223
-607.72359,66,184.529397
-498.192251,66,184.617968
-724.258187,87,184.818634
-614.642298,78,184.940853
-527.735263,59,185.023644
-533.104683,82,185.156462
-564.460571,61,185.238977
-573.169362,65,185.332935
-538.115143,60,185.423809
-766.981554,84,186.366269
-886.260475,114,186.552328
-687.100618,81,186.662908
-405.949396,52,186.747737
-578.25002,66,186.844953
-660.855102,75,186.964934
-449.024662,55,187.043266
-628.308076,90,187.288409
-748.01804,97,187.451317
-522.930824,58,187.537536
-503.406236,58,187.62816
-402.12953,51,187.710879
-697.194008,83,187.828624
-482.128294,75,187.933084
-737.148543,105,188.156574
-734.767385,78,188.26085
-508.708474,57,188.333627
-607.569087,71,188.427039
-503.647499,79,188.531991
-564.709636,61,188.610933
-707.701945,99,189.493738
-589.350158,66,189.574311
-565.119429,69,189.65622
-852.572489,144,189.844137
-780.89584,80,189.928085
-647.430349,75,190.005397
-875.157245,86,190.204141
-853.1853,114,190.367372
-525.721403,78,190.500224
-383.958716,50,190.57918
-428.424656,54,190.667639
-452.511501,53,190.764898
-674.350023,74,190.897229
-627.421532,75,191.099308
-446.738588,53,191.180525
-580.086347,72,191.310172
-773.939573,81,191.439024
-419.348412,49,191.510858
-637.733047,71,191.610964
-747.954365,83,191.722591
-525.854937,58,191.795959
-616.707003,74,192.760962
-563.007445,66,192.83682
-429.698554,53,192.896192
-660.519284,100,193.02276
-723.567207,83,193.115063
-453.793542,52,193.170144
-508.394979,57,193.230886
-828.490886,85,193.406631
-804.696367,115,193.563055
-526.259558,64,193.635746
-428.493953,50,193.690704
-783.143364,84,193.782089
-763.36951,119,193.997324
-535.731141,78,194.096128
-518.616186,56,194.159387
-426.672984,53,194.217763
-480.317435,54,194.277938
-546.645089,65,194.355006
-539.941492,61,194.423399
-2007.107289,244,195.472423
-970.251252,108,195.597557
-467.11508,55,195.654558
-684.191905,83,195.745387
-476.686769,52,195.799471
-609.186026,97,195.969705
-431.287845,53,196.032883
-601.627531,63,196.102812
-635.486588,100,196.22693
-528.499099,79,196.31305
-434.145178,54,196.371468
-453.216252,55,196.431123
-436.051785,57,196.4965
-591.729328,111,196.721937
-418.356483,51,196.781533
-412.016975,54,196.847131
-433.676885,54,196.908223
-503.834594,60,196.976035
-676.531876,73,197.056619
-503.940273,85,197.152648
-503.663135,54,197.900893
-823.119762,96,198.010465
-644.951415,74,198.089853
-663.836837,76,198.170271
-583.883775,77,198.25309
-1012.002552,97,198.359111
-383.992609,49,198.409555
-676.474828,98,198.595242
-642.169457,92,198.711496
-512.546458,60,198.780228
-543.933696,65,198.878676
-466.719145,58,198.970878
-478.574572,53,199.042258
-601.227585,92,199.170658
-570.66097,74,199.374203
-458.249474,57,199.456147
-626.37437,68,199.578899
-458.189295,69,199.676509
-585.871665,76,199.797287
-413.27119,48,199.864782
-583.300228,78,199.984279
-755.983425,88,200.899551
-445.117844,52,200.957842
-359.904181,51,201.014163
-377.088849,51,201.070431
-440.374746,51,201.126564
-649.017431,74,201.206225
-795.401649,104,201.322863
-658.966072,70,201.477
-655.902104,67,201.560194
-575.965784,76,201.651498
-508.20974,60,201.721704
-842.90007,99,201.840184
-574.82178,65,201.913315
-539.439123,82,202.008597
-421.358463,52,202.132528
-475.654706,188,202.399171
-518.529589,63,202.474054
-674.962747,73,202.555099
-765.058783,84,202.649188
-737.558634,93,203.492038
-591.864927,80,203.578974
-667.718872,72,203.655934
-613.217206,65,203.725927
-533.393792,65,203.79891
-588.876753,85,203.888961
-648.561164,75,203.966546
-596.826744,65,204.096496
-456.30153,89,204.199001
-640.289413,66,204.276768
-639.256182,71,204.357985
-751.947898,86,204.454225
-579.086421,63,204.522978
-570.516056,64,204.593527
-427.644149,54,204.717488
-595.559129,100,204.840888
-733.819938,82,204.936142
-517.046817,75,205.026044
-448.859971,110,205.155729
-451.666658,56,205.221125
-423.587696,50,205.275122
-564.883013,93,206.092197
-556.42826,86,206.184023
-512.19587,76,206.269949
-379.185378,100,206.393624
-556.870043,81,206.478849
-713.442252,87,206.658105
-651.84803,72,206.743467
-638.609993,67,206.820431
-505.156041,109,206.964309
-562.264767,93,207.067485
-532.195677,78,207.150018
-719.106667,175,207.474195
-520.36033,60,207.540692
-601.144702,77,207.624115
-615.922016,68,207.700821
-518.918992,57,207.761469
-607.430988,71,207.836996
-478.406686,59,207.903982
-605.40282,66,208.678568
-420.695543,51,208.732995
-658.106514,89,208.830151
-737.535842,83,208.917457
-547.15611,72,208.99186
-543.74613,69,209.064161
-490.235798,67,209.137527
-381.323709,48,209.258233
-850.30569,109,209.386559
-560.445784,84,209.480127
-543.321787,92,209.588101
-491.865199,108,209.716833
-524.227261,93,209.911551
-517.551012,73,209.995259
-394.378566,126,210.151078
-458.925825,53,210.208757
-449.338768,67,210.285173
-629.33471,76,210.367884
-428.094346,51,210.421324
-536.622184,61,211.204117
-494.471411,58,211.26592
-497.395637,56,211.326245
-497.280103,57,211.386986
-454.830209,55,211.448816
-387.792594,50,211.500007
-487.03194,104,211.618962
-462.547519,54,211.674407
-558.281059,73,211.845397
-612.002132,89,211.951869
-488.535276,55,212.0134
-515.271368,63,212.088742
-487.917041,100,212.207582
-487.61028,58,212.272859
-421.984472,51,212.327804
-586.320901,67,212.468977
-480.978721,66,212.549878
-517.295632,69,212.632453
-709.29806,81,212.722152
-554.386396,107,212.852986
-548.265567,72,212.931705
-572.797258,91,213.773827
-559.228703,79,213.86213
-525.727148,57,213.923921
-534.782756,65,213.993882
-98.833181,145,214.169363
-597.579517,98,214.277439
-484.470968,58,214.424258
-532.839141,66,214.509228
-577.981427,109,214.649
-501.298174,85,214.757748
-532.767012,60,214.82596
-595.632422,85,214.928002
-472.149763,55,214.988588
-217.511407,110,215.199859
-529.423209,58,215.268859
-426.55372,58,215.33873
-444.648411,51,215.395952
-661.92661,71,215.47687
-452.72393,55,215.538292
-405.168365,51,215.595226
-593.953922,64,215.664553
-475.905447,84,216.525775
-390.86869,47,216.577344
-572.070875,98,216.690156
-906.189168,130,216.84822
-372.987596,67,216.924722
-604.456527,69,217.002681
-544.688782,61,217.14049
-682.20924,148,217.356009
-497.967153,96,217.479251
-459.817112,52,217.543145
-717.027478,123,217.700856
-585.582056,77,217.887952
-776.845918,80,217.987467
-717.310722,81,218.086684
-485.957407,100,218.199743
-446.172986,56,218.263623
-730.385309,82,218.351779
-404.063228,61,218.418554
-548.587576,70,219.524512
-124.688272,78,219.644391
-446.496136,57,219.729707
-481.09596,63,219.820825
-552.061665,74,219.919923
-228.435667,95,220.054555
-644.153649,71,220.21426
-709.399262,84,220.317948
-592.972784,133,220.506841
-603.709255,65,220.581687
-411.709478,53,220.642123
-1027.037167,100,220.764251
-492.11195,71,220.921728
-687.827692,75,221.005565
-573.170108,77,221.102157
-574.227324,85,221.221725
-481.386574,56,221.294274
-494.267112,86,221.408453
-482.373325,62,221.49253
-652.891959,72,222.404583
-446.856637,58,222.478265
-600.861633,77,222.576879
-534.621803,92,222.700531
-535.504501,74,222.800627
-484.404922,65,222.885847
-591.451904,64,222.958923
-468.121409,66,223.09358
-760.415465,81,223.183948
-646.877582,77,223.268004
-595.143866,106,223.399296
-442.521096,59,223.475063
-456.437551,74,223.581069
-427.355327,84,223.757267
-375.62731,107,223.913232
-451.067657,59,223.994467
-454.261256,54,224.063771
-466.102526,65,224.152727
-378.446302,50,224.215879
-453.71831,53,224.281751
-625.126534,104,224.416179
-569.067284,95,225.33082
-270.73979,103,225.467773
-580.882313,64,225.538257
-747.580445,82,225.628549
-632.551394,67,225.700844
-522.507609,55,225.760788
-1118.909617,98,225.934262
-386.41283,52,225.992244
-452.077027,53,226.049809
-505.692146,110,226.175582
-481.839765,72,226.256038
-601.830429,65,226.327242
-745.055016,82,226.417366
-498.224902,68,226.562083
-489.011016,69,226.641529
-519.087526,56,226.708589
-488.066718,54,226.771497
-946.744683,91,226.884444
-841.176936,96,227.005713
-777.576398,86,227.929588
-498.181997,85,228.029281
-445.668679,51,228.085643
-421.861647,55,228.150918
-567.32619,79,228.237102
-459.598627,69,228.316
-485.171824,54,228.37409
-599.480144,76,228.455144
-507.80544,57,228.588196
-500.80874,54,228.655006
-454.678266,63,228.729958
-724.341444,91,228.835205
-478.668522,70,228.926985
-518.483054,67,229.012529
-579.982056,69,229.091069
-456.226504,54,229.211923
-510.562154,72,229.295136
-497.692205,57,229.360709
-481.661505,64,229.432176
-640.567378,67,229.512814
-585.655303,74,229.612811
-679.386809,72,229.700922
-733.293404,77,229.799006
-487.689066,56,230.651639
-661.818291,74,230.748269
-431.430512,65,230.837616
-396.877647,51,230.898541
-774.542382,99,231.036664
-679.140882,74,231.171916
-630.18177,76,231.290495
-496.54161,66,231.553699
-280.245717,81,231.693639
-580.68891,64,231.791469
-598.525274,71,231.897053
-481.642836,118,232.123901
-500.499765,57,232.211027
-699.04977,111,232.524107
-613.953074,69,232.643655
-523.990964,87,232.789946
-497.496572,55,232.863372
-656.9061,73,232.95758
-662.42971,76,233.061586
-623.194645,65,233.149236
-382.973456,52,234.103101
-441.25023,64,234.195678
-664.254142,112,234.350247
-471.908058,121,234.539163
-488.592364,65,234.622124
-568.771699,62,234.701311
-464.505716,65,234.847565
-389.613935,53,234.910816
-474.165512,65,234.990267
-586.744176,75,235.088961
-375.938788,52,235.160118
-674.96259,58,235.246681
-515.219175,64,235.331268
-699.46156,58,235.416708
-305.643765,79,235.580257
-650.025336,69,235.665287
-854.257437,126,235.828722
-448.711664,75,235.931985
-914.090047,118,236.085668
-557.335469,60,236.165718
-686.20126,119,237.2604
-601.542641,65,237.355842
-421.48399,58,237.446308
-546.61541,76,237.562459
-478.648584,70,237.667121
-548.320963,60,237.750725
-422.915585,52,237.821359
-512.900885,71,237.975192
-341.977385,71,238.067694
-532.126804,61,238.138329
-501.229918,66,238.216404
-851.388552,116,238.362136
-699.193487,79,238.459283
-1107.188002,89,238.630563
-550.199764,59,238.69665
-460.318209,57,238.760369
-661.793696,104,238.881227
-473.383017,58,238.947371
-400.390893,55,239.027596
-1202.691016,129,239.213258
-508.595576,84,240.206206
-481.828926,69,240.326775
-889.59749,93,240.494152
-739.531808,87,240.621092
-483.622621,66,240.71929
-463.665856,73,240.821131
-646.896867,87,241.00696
-458.327421,52,241.069039
-408.593864,50,241.135817
-410.967838,55,241.202591
-639.983842,74,241.291508
-601.681654,68,241.374073
-424.6217,50,241.433164
-514.786471,60,241.507772
-1261.987017,100,241.712688
-1698.712355,135,241.891889
-484.807075,54,241.952234
-696.198224,107,242.090443
-1691.022109,133,242.275358
-444.909731,63,243.168763
-505.296677,69,243.245877
-815.74895,107,243.384601
-652.494875,71,243.475399
-1205.772824,95,243.606152
-532.645491,59,243.677026
-651.147565,55,243.829556
-595.75,67,243.907656
-601.785651,76,243.996469
-457.835368,64,244.070503
-392.907067,54,244.133897
-364.923844,64,244.215109
-980.28404,113,244.366137
-453.917806,60,244.433716
-404.845704,55,244.55635
-363.897524,51,244.615511
-388.561217,57,244.68269
-1043.105994,133,244.855128
-615.364881,55,244.933975
-628.112594,70,245.018911
-461.064448,62,245.091597
-430.812232,58,245.969123
-550.722079,76,246.061958
-559.179276,62,246.134196
-420.440932,84,246.231823
-724.649093,104,246.363455
-435.083895,64,246.436596
-493.58209,68,246.512238
-991.69261,110,246.746435
-2025.032866,164,246.970335
-447.684636,85,247.073443
-1098.127067,87,247.184265
-363.52886,56,247.252432
-472.877701,65,247.421636
-393.746374,56,247.492026
-529.379811,65,247.571446
-378.076377,57,247.64104
-659.621188,72,247.725316
-451.893836,66,247.804505
-715.724265,102,247.930854
-366.84391,64,248.868762
-409.857778,55,248.935407
-745.636057,84,249.044268
-375.542632,49,249.108204
-965.84844,79,249.220961
-448.096332,52,249.293614
-778.776572,86,249.413769
-278.971083,115,249.775105
-473.705001,53,249.844354
-444.702612,64,249.930721
-522.396027,80,250.040923
-1184.717694,92,250.172479
-556.510127,77,250.275254
-498.588228,69,250.480417
-383.600562,52,250.551281
-454.817611,52,250.616864
-466.367471,72,250.711833
-465.279675,62,250.786269
-503.652952,79,250.889542
-463.470326,62,250.965388
-647.939479,93,251.088138
